TBG Product Code,Product Images,Published,Featured on Homepage,Product Status,Internal Price,Collections,Branding Option,Product Tags,Occasion,Product Website Name,Product Website Description,website URL Slug,SEO Title,SEO Description,Website Image Alt Text,Vendor Product Code,Sub Category,Category,Material,Internal Tags,Slug (from Collections),Vendor,MOQ,USP,Inventory Status,Product Type
TBG-DIA-002,D 139.jpg (https://v5.airtableusercontent.com/v3/u/55/55/1785355200000/xo2krPfBc25bdhvIf8wIJw/kG9WuBrwgfDLfkIjfb_vlASL-Gh2UDGzV6Xr-L1_xlhjtRgf5cLbwLiV3rnk46e_1cnLT5-EmE4oSzsSCLbLYE1jbnnpRp1r5e19QjGIMMHhs4FGqw6naaDrKJngFPEWJ0GY4B3rOn0jgioJCJcrbQ/XpBzLdoUNrd3qggKvmnAb02Dq_CdO-H0kw5Cerc-DBs),checked,,Website Ready,90.0,"Premium Picks,Under ₹500","Deboss,screen,UV","Premium,Branding Possible","Employee Joining Kits,Event Giveaways",Bold Red Elastic Notebook,Make a statement before you write a word. This vibrant red A5 notebook features a secure elastic band closure and 192 ruled pages — for the professional who leads with energy and intention.,bold-red-elastic-a5-notebook,Bold Red Elastic Notebook — A5 Hardcover Diary for Professionals,"A vibrant red A5 hardcover notebook with secure elastic band closure and 192 ruled pages. Perfect for daily planning, journaling, and premium corporate gifting.",Red A5 elastic band hardcover notebook for corporate gifting,D139,Diary,Office Essentials,PU Leather,"Corporate, Mid Range","premium-picks, under-500",Jainex Corporate Gifts,1,Smooth finish,active, Utility
TBG-DIA-001,image.png (https://v5.airtableusercontent.com/v3/u/55/55/1785355200000/cdurA_lU1ko5MgSJFzgPpg/HaVj8vddgl0FtPytqXpXvpoMkErZ-LhCXr5_NtJF4vBDxWY1wg6gRxSuRoGc70m3_ptlKheD4fa0P4QXjEdreZ32SH4RbYrCPw7nmlvMePj0ojFibfH9j9JRS5NGqfGp_ONRqq4VSPYDLjEBix23yA/W56n7kIh1uSLtWkrK5yp0ub96FfJf9J7Jn_iY_XiH_I),checked,,Website Ready,85.0,"Best Sellers,Budget Gifting,Under ₹500,Minimalist Gifts","Deboss,screen,UV","Minimalist,Branding Possible","Event Giveaways,Employee Joining Kits",Classic Black Elastic Notebook,"A timeless professional notebook wrapped in a smooth black cover with a secure elastic band closure. 192 ruled pages in a compact A5 format — built for thinkers, planners, and go-getters.",classic-black-a5-hardcover-notebook-elastic-closure,Classic Black A5 Hardcover Notebook with Elastic Closure,"A sleek, professional black A5 notebook featuring a secure elastic band closure. Perfect for daily journaling, meeting notes, and corporate gifting. 192 ruled pages in a compact, carry-anywhere size.",Classic Black A5 Hardcover Notebook with Elastic Closure,D138,Diary,Office Essentials,PU Leather,"Corporate, Mid Range","best-sellers, budget-gifting, under-500, minimalist-gifts",Jainex Corporate Gifts,1,Smooth finish,active, Utility
TBG-DIA-003,D 140.jpg (https://v5.airtableusercontent.com/v3/u/55/55/1785355200000/8McbyNfhb1xyV4zS-8YhPw/4ldjYq-9Y2sXO5iPwJ9qxuYLiqU0Rwo4gAzkuIgvLbjYlcxvOqdtAG4rUcWp-_j9KmL5NgjsRrVO7m4iPyc62G7eIp0q_zZ-Ee48fDYveOCeqIx9CWv1XxJnsmh6DaZTSpbLANQSlvBcOJrPJ279Ow/BxUaLxywMXbwJUgH3f1m8cBeKbGPIJlFNsHWBBk_7fc),checked,,Website Ready,90.0,"Premium Picks,Under ₹500","Deboss,screen,UV","Premium,Branding Possible","Employee Joining Kits,Event Giveaways",Ocean Blue Elastic Notebook,"Cool, calm, and quietly confident. This ocean blue A5 notebook with elastic band closure is the perfect companion for focused minds and creative thinkers alike.",ocean-blue-elastic-a5-notebook,Ocean Blue Elastic Notebook — A5 Hardcover Diary for Creative Minds,"A cool ocean blue A5 hardcover notebook with elastic band closure and 192 ruled pages. Ideal for focused professionals, creatives, and thoughtful corporate gift sets.",Blue A5 elastic band hardcover notebook for professionals,D140,Diary,Office Essentials,PU Leather,"Corporate, Mid Range","premium-picks, under-500",Jainex Corporate Gifts,1,Smooth finish,active, Utility
TBG-DIA-004,D 141.jpg (https://v5.airtableusercontent.com/v3/u/55/55/1785355200000/q3kqgdZAO5HhWdUTsdW4Vw/r8ic9bMsl4t5yg-xLvpTaPwluVq0cSJdIHlMyLnkv8U0T9n9gvy7hdGTOMMaX-j7gMlOhH9rajnaxcrqMywDYIT9NPMuTBX5iXfrzsY7xsV-G3YHaVPMleez_kl_HgQWoCI96Ex74rS5XAplMdmYiQ/s_QGHs1pR6PKkhoYF_3epta6GkME4d5a13rcCl1Bbgo),checked,checked,Website Ready,90.0,"Budget Gifting,Under ₹500","Deboss,screen,UV","Premium,Branding Possible","Employee Joining Kits,Event Giveaways",Clean White Elastic Notebook,"Minimal on the outside, limitless on the inside. This crisp white A5 notebook with elastic closure is a blank canvas for your best ideas — clean, fresh, and always professional.",clean-white-elastic-a5-notebook,Clean White Elastic Notebook — Minimalist A5 Hardcover Diary,"A crisp white A5 hardcover notebook with elastic band closure and 192 ruled pages. A clean, minimal design that takes custom branding beautifully — perfect for corporate gifting.",White A5 elastic band hardcover notebook for minimalist gifting,D141,Diary,Office Essentials,PU Leather,"Corporate, Mid Range","budget-gifting, under-500",Jainex Corporate Gifts,1,Smooth finish,active, Utility
TBG-DIA-005,D 145.jpg (https://v5.airtableusercontent.com/v3/u/55/55/1785355200000/Pbu8CpxeTt_qhPzQHN2iXw/z0kreOzg19Pd5Mu-IEZkzAvFgFCZwCB_kWgQuIhBmy06bfN46n9KQAO_gYsp9yqTYJlzqhPTu8y3wJ4n48BTRhWEiVkQUsonWpPNrRiAdPqFLQxrzHoK3cZeHdjYkiVNhjcsO6fH6W7NfbKixsQaSg/BacA0Z_CO0RQWxZKaIAgwhKFeLPfodoaodd3A6xSMMA),checked,checked,Website Ready,230.0,"Budget Gifting,Under ₹500","Deboss,screen,UV","Premium,Branding Possible","Employee Joining Kits,Event Giveaways",Black Textured PU Notebook,"Sharp, structured, and seriously stylish. This matte black textured PU notebook commands attention in any room — a reliable workhorse dressed in executive finishes",black-textured-pu-a5-notebook,Black Textured PU Notebook — A5 Executive Diary with Premium Finish,A sharp matte black A5 notebook with a structured textured PU leather cover. A reliable executive workhorse with a premium finish — ideal for high-impact corporate gifting.,Black textured PU leather A5 notebook for corporate gifting,D145,Diary,Office Essentials,PU Leather,"Corporate, Premium","budget-gifting, under-500",Jainex Corporate Gifts,1,"Smooth finish, premium",active, Utility
TBG-DIA-007,D 159-2.jpg (https://v5.airtableusercontent.com/v3/u/55/55/1785355200000/_C5ftnhXV8PwomZ9PLj5dg/vN2E8NdV6SnE9IaTg66XJd9_r9xddD7q1kyKUlt81uw26CeX2QfOaQj19HKXqgjnByfvMeATrr6njF6zEz-LsRmN6wx9W2EIfolitH61xslFOpR-QrYxVlHNifyp-SgYs5dj4NgQawdPMwUwQa0XQUXXacTSPYFt9jr4Twq-okQ/eoFjjW-wXERyaVvopI_Ss_-j-gK_GMzU_7yhLKvvFX8),checked,checked,Website Ready,136.0,"Budget Gifting,Under ₹500","Deboss,screen,UV","Premium,Branding Possible","Employee Joining Kits,Event Giveaways",Midnight Black Soft PU Notebook,"Smooth, sleek, and effortlessly professional. This midnight black soft-touch PU notebook closes magnetically and opens to 192 ruled pages ready for your next big idea",midnight-black-soft-pu-a5-notebook,Midnight Black Soft PU Notebook — Premium A5 Magnetic Flap Diary,"A sleek midnight black soft-touch PU leather A5 notebook with magnetic flap closure and 192 ruled pages. Smooth, professional, and perfect for everyday executive use and gifting.",Black soft PU leather A5 notebook with magnetic flap closure,D159,Diary,Office Essentials,PU Leather,"Corporate, Premium","budget-gifting, under-500",Jainex Corporate Gifts,101,"Smooth finish, premium",active, Utility
TBG-DIA-011,D 185.jpg (https://v5.airtableusercontent.com/v3/u/55/55/1785355200000/FnnJsNSrxXwdY4p3yD8x9A/POGQCkkoNA3hRh5hPHNxXLTJc7cvVglqScWA3BcTEqBMYa7qfycQhwUmuWbXvOyyT_3Z_0RMv_hTRTBbRwCBGsC5G5aRxq0lnxTXvvQOBpe2WvQiwetgcFif2j2ZNoxe9s_XfRWkOl1EtIOUQklgLw/_PzOGpmfnQ1rqjra7dO9Ert7zrKIuEtN5PlmBBx6IT4),checked,checked,Website Ready,110.0,"Sustainable Choices,Trending Products,Under ₹500,Best Sellers","Screen,UV","Branding Possible,Sustainable","Employee Joining Kits,Event Giveaways",Eco Cork Notebook,"Crafted from natural cork, this earth-friendly notebook is as unique as its owner. Every cover carries its own texture and grain, making it a one-of-a-kind companion for sustainable note-takers.",eco-friendly-a5-cork-cover-notebook,Eco-Friendly A5 Cork Cover Notebook,"A sustainable A5 notebook with a naturally textured cork cover — lightweight, water-resistant, and earth-friendly. A thoughtful green corporate gift for the conscious professional.",Eco-Friendly A5 Cork Cover Notebook,D185,Diary,Office Essentials,Cork,"Corporate, Premium","sustainable-choices, trending-products, under-500, best-sellers",Jainex Corporate Gifts,1,Eco Friendly,active, Utility
TBG-DIA-009,D 181.jpg (https://v5.airtableusercontent.com/v3/u/55/55/1785355200000/J-RmFbz_0RTEwmEonB-bfA/UfUoHRbVwW-QVCYjerbk3wCgo2fhOFenv5qSYrePhk5i9jYivHuCqUx_h8BWW14GM64kX1G9AG8qFkFLuPSkDnBg9JdJGhaltNf_8cd-tmwoFlfPbgBIDKrpMy3SDBAupohyKs4SqcZHn2FCiBStyg/HAD6b7_dm-smz5YkwRvD3Zcj1D6yqNMsVes8gIzPWKM),checked,,Website Ready,160.0,"Trending Products,Under ₹500,Best Sellers","Deboss,screen,UV","Premium,Branding Possible","Employee Joining Kits,Event Giveaways",Ocean Blue Soft PU Notebook,"A smooth, soft-touch PU leather notebook in a calm ocean blue. Lightweight yet premium, it opens flat for comfortable writing and closes with a satisfying magnetic flap.",premium-pu-leather-a5-notebook,Premium Blue Soft-Touch PU Leather A5 Notebook,"A luxuriously soft blue PU leather notebook that feels as good as it looks. Smooth-finish cover, 192 ruled pages, ideal for executives and upscale corporate gifting.",Premium Blue Soft-Touch PU Leather A5 Notebook,D181,Diary,Office Essentials,PU Leather,"Corporate, Premium","trending-products, under-500, best-sellers",Jainex Corporate Gifts,1,"Smooth finish, premium",active, Utility
TBG-DIA-012,D 200.jpg (https://v5.airtableusercontent.com/v3/u/55/55/1785355200000/4HAxEWmk-g-yvmGFI8_eDQ/2ixGjABVSkLhrwRC5k2udvG8pg-C1YiTDK5pLPD7AJ2rI5vThgZd7wI9DC83nhExa-sOfr1azCn7ATabL8mKAyZz8b7mP3vwvRfC7tU-HutudnQfv7-XJmIlE1VvNpM4sELQZ9AkZcdD9thzlu11fQ/2divuk6E2y7MFJWvyfYB1vt10KWOJ-xlUAxX7KR6GJU),checked,,Website Ready,175.0,"Sustainable Choices,Trending Products,Under ₹500,Best Sellers","Screen,UV","Sustainable,Premium,Branding Possible","Employee Joining Kits,Event Giveaways",Natural Bamboo Notebook,Where sustainability meets style. A beautifully finished A5 notebook with a genuine bamboo cover that showcases nature's warmth and grain. A mindful gift for the eco-conscious professional.,sustainable-a5-bamboo-cover-notebook,Sustainable A5 Bamboo Cover Notebook,A beautifully crafted A5 notebook with a real bamboo cover that showcases natural grain and texture. Perfect for eco-conscious gifting and green brand campaigns.,Sustainable A5 Bamboo Cover Notebook,D200,Diary,Office Essentials,Bamboo,"Corporate, Premium","sustainable-choices, trending-products, under-500, best-sellers",Jainex Corporate Gifts,1,Eco Friendly,active, Utility
TBG-DIA-008,D 160-2.jpg (https://v5.airtableusercontent.com/v3/u/55/55/1785355200000/o4YUfmWkL7EOiFc4vFn9Ag/2P97ASRRtVqBwq0IiVXxwmdFWgEdBB1cxZznam6DVEZPFC1n8SFGGlU8xKVvSa8OZZ5WeBTl6gJ_6J2vNsZ6D2lOkgg9xSBK9u_WMNHOMmaeocRtA5e08PlNnfF7TL1CAFRJz2ivU8jS3A9IKxF7Qzw1oXsei6id3BcHTiqW7-o/jvyqi2-BnXb6R9deq-e--N3vh9vamRzAXYPfZpRf_wA),checked,,Website Ready,160.0,"Trending Products,Under ₹500,Best Sellers","Deboss,screen,UV","Premium,Branding Possible","Employee Joining Kits,Event Giveaways",Tan Executive Soft PU Notebook,Rich tan tones meet supple soft-touch PU leather in this refined executive notebook. A quiet statement of taste — ideal for the professional who values understated elegance.,tan-soft-pu-leather-a5-notebook-vintage-executive,Tan Soft PU Leather A5 Notebook — Vintage Executive Style,"A warm tan PU leather notebook with a supple soft-touch finish. Its rich, earthy tone gives it a timeless executive appeal — perfect for gifting to professionals and leaders.",Tan Soft PU Leather A5 Notebook — Vintage Executive Style,D160,Diary,Office Essentials,PU Leather,"Corporate, Premium","trending-products, under-500, best-sellers",Jainex Corporate Gifts,1,"Smooth finish, premium",active, Utility
TBG-DIA-010,D 198.jpg (https://v5.airtableusercontent.com/v3/u/55/55/1785355200000/bCEideuRk6tJYVneRKyHUQ/cbKTYCTKJy2iPP9Wj-otPSKOyXJOQ6m5szgS85yS-M0Xp15zTiUdM9nbNp29TW0eOV4xaLyrADdG7_wd_4c45YT2DojzMFGy4QWezyGKUq76u9VZ6bd6vhN-uegRsOSgwTYnu3CWGj9QYbeQ_8NPNA/p-9QTdDRjSNzwT-btXXt3JomB7gFp91-C9Nm2RzxeUk),checked,,Website Ready,175.0,"Trending Products,Under ₹500,Best Sellers","Deboss,screen,UV","Premium,Branding Possible","Employee Joining Kits,Event Giveaways",Black Gold Edition Notebook,Where boardroom meets luxury. A sleek black soft PU notebook elevated by a signature gold metal flap closure. This is the one you reach for when the meeting matters.,black-premium-a5-notebook-gold-magnetic-flap,Black Premium A5 Notebook with Gold Magnetic Flap Closure,An elegant black PU leather notebook elevated by a striking gold metal flap closure. A premium corporate gift that blends style with functionality — gifting luxury at its finest.,Black Premium A5 Notebook with Gold Magnetic Flap Closure,D198,Diary,Office Essentials,PU Leather,"Corporate, Premium","trending-products, under-500, best-sellers",Jainex Corporate Gifts,1,"Smooth finish, premium",active, Utility
TBG-DIA-006,D 146.jpg (https://v5.airtableusercontent.com/v3/u/55/55/1785355200000/1WQu8D_9cIUAAuPvv9rYTQ/zqC7XpSyM0oGF1XYboMroFFGaKgeBYWjdxjM9czSf7MhtqQbleOKM3IFA-NT8A4Me8tpG6QSO1OpK0kVX60svSMvtPPntgcAvFOjU1QDm1fgXqPJbgFzncE-j3PW-0g-SCifIB2OouWtvFoJA97RCA/yswFALBIg6KSR-mRmnD4aCn2Ztd-aUixs3_Hooz-ZD4),checked,,Website Ready,230.0,"Trending Products,Under ₹500,Best Sellers","Deboss,screen,UV","Premium,Branding Possible","Employee Joining Kits,Event Giveaways",Brown Textured PU Notebook,"A richly textured brown PU leather cover gives this notebook a bold, tactile character. Durable, distinguished, and built to be noticed on any desk or in any bag",brown-textured-pu-leather-a5-notebook,Brown Textured PU Leather A5 Notebook,"A rich brown A5 notebook with a distinctive textured PU leather cover for added grip and character. Sophisticated, durable, and built for the professional on the move.",Brown Textured PU Leather A5 Notebook,D146,Diary,Office Essentials,PU Leather,"Corporate, Premium","trending-products, under-500, best-sellers",Jainex Corporate Gifts,1,"Smooth finish, premium",active, Utility
TBG-PEN-049,P 62.jpg (https://v5.airtableusercontent.com/v3/u/55/55/1785355200000/OVMKADML1gWR-NIwTQQTfA/CTByUUlr043fXpVHpAiF74dxx-t9mItjI2f3Y7GpmBzLClwwrkoac1BN29v0g0OzNxhmPAh9mSrkv3NpMo_unJtokWNQnY53lA98GBrVGKvPqZ0AnEamn8Cg0dXbho_vJ5WEuhBO_VMuyrvL8rfTuA/FSL6bEpNPD7hJ77FBn06w-NBWA24iftwOJpjPUFHzRo),checked,,Website Ready,54.0,"Premium Picks,Under ₹500","UV,Laser","Premium,Branding Possible","Employee Joining Kits,Event Giveaways",Soft Grey Ballpoint Pen,"Quietly refined and effortlessly professional. This soft grey ballpoint pen has a calm, neutral presence that works in any gifting context — classic without being boring.",curve-red-ballpoint-pen,Curve Red Ballpoint Pen — Ergonomic Smooth Writing Corporate Pen,"A boldly red, gently curved ballpoint pen that fits naturally in the hand for comfortable writing. Smooth ink, vibrant colour, and great for personalised corporate gift sets.",Red curved ergonomic ballpoint pen for office gifting,P62,Plastic Pens,Office Essentials,Plastic,Premium,"premium-picks, under-500",Jainex Corporate Gifts,500,Premium,active, Utility
TBG-PEN-058,P 79.jpg (https://v5.airtableusercontent.com/v3/u/55/55/1785355200000/AGaLfXC-78-GTCeeDw0Odg/PRkTtv5SzNkGw7duCzTKtJdc7aNFQaF0VYRJmnpaBrC23sDzUDApd0yWppL3r0_0eLW7uVBLzXzuZoTUwFktyqGlKNd56BEHkw9YljTU7T_670mSz9QfHGyyq0tSScsxCjo1qIpoSzupr1fSW06GUQ/haObhDlfOsdf2Ed_Z6NISQqmW8a0E5ZyaGnHQdB62Ng),checked,checked,Website Ready,60.0,"Trending Products,Under ₹500,Sustainable Choices,Premium Picks","UV,Laser","Sustainable,Eco Friendly,Branding Possible","Employee Joining Kits,Event Giveaways",Cork Nature Pen,"A writing instrument with a conscience. Fitted with a natural cork grip, this eco-friendly pen is a subtle nod to sustainability — perfect for green gifting and conscious brands.",nature-touch-cork-ballpoint-pen,Nature Touch Cork Ballpoint Pen — Eco-Friendly Sustainable Pen,"A planet-friendly ballpoint pen with a natural cork barrel — lightweight, sustainable, and beautifully textured. Perfect for green corporate gifting and eco-brand campaigns.",Nature Touch Cork Ballpoint Pen — Eco-Friendly Sustainable Pen,P79,Plastic Pens,Office Essentials,Plastic,Premium,"trending-products, under-500, sustainable-choices, premium-picks",Jainex Corporate Gifts,500,Premium,active, Utility
TBG-PEN-051,P 64.jpg (https://v5.airtableusercontent.com/v3/u/55/55/1785355200000/k1I-sWDkmgnf19jaC8NA7w/kz9-PjwnSloTsIqeK_aTrPQhlP_ju2_OoGv7G50rQtvPs8Z1g6YQbouTIgkAd4LpdmRwQFbfKO2OfjnqlzeOj-KTtnrmcTLaaQU25xkbzelBxxHimD77vZfzSyqfpu8_TSfDqYmaDQl2YAv1b432ag/fPdUakliXu183L-CZyUAJlSnmk0-yK6QPCMRhtcb_68),checked,,Website Ready,43.5,"Premium Picks,Under ₹500","UV,Laser","Premium,Branding Possible","Employee Joining Kits,Event Giveaways",White Square Ballpoint Pen,Break from the round. A clean white pen with a sharp square barrel that looks modern on any desk and writes smoothly every time. Great for custom logo printing.,soft-grey-ballpoint-pen,Soft Grey Ballpoint Pen — Refined Neutral Corporate Office Pen,"A quietly refined soft grey ballpoint pen with a smooth, neutral finish that suits any professional setting. Understated, versatile, and an elegant addition to any corporate gift set.",Grey soft-touch ballpoint pen for professional corporate gifting,P64,Plastic Pens,Office Essentials,Plastic,Premium,"premium-picks, under-500",Jainex Corporate Gifts,500,Premium,active, Utility
TBG-PEN-047,P 59.jpg (https://v5.airtableusercontent.com/v3/u/55/55/1785355200000/jy54bvbdf6FZDu7k5z1_fQ/ek3KZ2g-gkPlFER4OyRaRJbRaiKKYG0np7kMyWCOrB5O4Xl1AC6udaC0OTnmvS_6LHUsbN71MzJjV_Da_CO5P_vELzwz-sbjNblwVrtIYX8X_2KnQhXAXaAPRK96NYNMAci6AQhP7lRGG-esZq_W5Q/25Hqc3W4j00zcP63RfsVajgtpKjDPkda06TfRk4ND30),checked,,Website Ready,60.0,"Premium Picks,Under ₹500","UV,Laser","Premium,Branding Possible","Employee Joining Kits,Event Giveaways",Cool Blue Ballpoint Pen,"Effortlessly cool and endlessly smooth. This blue ballpoint pen is a crowd-pleaser for a reason — clean design, consistent ink, and a colour that works with everything.",bosch-red-ballpoint-pen,Bosch Red Ballpoint Pen — Precision-Inspired Corporate Office Pen,"A bold red ballpoint pen with a precision-inspired design, sturdy build, and smooth ink flow. Made to perform under pressure and designed to leave a lasting impression as a branded gift.",Red precision-style ballpoint pen for corporate gifting,P60,Plastic Pens,Office Essentials,Plastic,Premium,"premium-picks, under-500",Jainex Corporate Gifts,500,Premium,active, Utility
TBG-PEN-057,P 77.jpg (https://v5.airtableusercontent.com/v3/u/55/55/1785355200000/alvmdzhY0bnYudAUqEmFpw/KPqOrF15LtDMnX5N_FxBqPueO2749oGEC4BuObIDedV2eUXReYe8zqqDPT7KwKKXpIaa7iLc_BHfkDKM4zdiaDDiBJx6PMOdZm4nzKB403TjGZ73cFIOieMyHihqrvgjCKnVsB2MjqTxKVdw-tPB0A/EpafmnNeVRFM7asJEhBUkNufDUpywBAhof53g5CfZ7k),checked,,Website Ready,60.0,"Trending Products,Under ₹500,Sustainable Choices,Premium Picks","UV,Laser","Sustainable,Eco Friendly,Branding Possible","Employee Joining Kits,Event Giveaways",Bamboo Nature Pen,"Lightweight, biodegradable, and beautifully natural — this bamboo-barrelled pen brings an earthy touch to your writing. A thoughtful choice for brands that care about the planet.",nature-touch-bamboo-ballpoint-pen,Nature Touch Bamboo Ballpoint Pen — Biodegradable Corporate Gift Pen,"A responsibly crafted ballpoint pen with a real bamboo barrel for a warm, natural feel. An excellent sustainable gifting choice for eco-conscious brands and events.",Nature Touch Bamboo Ballpoint Pen — Biodegradable Corporate Gift Pen,P77,Plastic Pens,Office Essentials,Plastic,Premium,"trending-products, under-500, sustainable-choices, premium-picks",Jainex Corporate Gifts,500,Premium,active, Utility
TBG-PEN-050,P 63.jpg (https://v5.airtableusercontent.com/v3/u/55/55/1785355200000/FWO7K8xHhmdzdtzV1c0fPw/aApuSGvKg-vRFUwBqr0Y2iVsJvZWJwqqyi563dL-FY2JyruOJhKuPrEKNxyn8URmmGK78EBjl6LmwJPYMaK2Nf4VqOzV3RDRu-yUQWyOhurt46tQr_cOW3pN61qltN6iS1feZmXszkXp5tpkj5SrbA/qFMNXWdmTTk6SeUjhYYEOGt77eqhPV7Zx8_cewDX2wY),checked,,Website Ready,43.5,"Premium Picks,Under ₹500","UV,Laser","Premium,Branding Possible","Employee Joining Kits,Event Giveaways",Red Square Ballpoint Pen,"A bold, geometric red pen that makes a statement before the cap even comes off. The square barrel is unique, on-trend, and a standout in any promotional kit.",texpin-blue-ballpoint-pen,Texpin Blue Ballpoint Pen — Lightweight Smooth Corporate Office Pen,"A lightweight blue ballpoint pen with a smooth writing experience and a quietly stylish finish. Versatile, reliable, and ideal for office stationery kits and promotional giveaways.",Blue Texpin lightweight ballpoint pen for office gifting,P63,Plastic Pens,Office Essentials,Plastic,Premium,"premium-picks, under-500",Jainex Corporate Gifts,500,Premium,active, Utility
TBG-PEN-048,P 61.jpg (https://v5.airtableusercontent.com/v3/u/55/55/1785355200000/KPQKHLIIETftsYgRPzMTSw/G7Ts-F83tBKLhulu4zEbDf0BZMbh17qmDzZWHAvB4-sg8ZffRiIdzTisAxATr7UYtEzirbH63dOiQmgkQ7hWexiT2KaYnDxOhb6F7HjPmvJgvdvuChQGfFsLhVAnLXKU3DN5omOYDGzVlJxtjxttaQ/6tlcDUFYl6O39WVjF_V4SCzC2j3AkDAEIHHxLEnnXSo),checked,,Website Ready,54.0,"Under ₹500,Premium Picks","UV,Laser","Premium,Branding Possible","Employee Joining Kits,Event Giveaways",Soft Touch Matte Black Pen,"Matte black, soft finish, zero compromise. This pen's rubberised coating gives it a premium feel that belies its price — a sleek addition to any desk or gift set.",soft-black-matte-ballpoint-pen,Soft Black Matte Ballpoint Pen — Premium Soft-Touch Corporate Pen,"A sophisticated matte black ballpoint pen with a soft-touch rubberised finish. Smooth to hold, smooth to write — a refined choice for executive gifting and branded stationery.",Soft Black Matte Ballpoint Pen — Premium Soft-Touch Corporate Pen,P61,Plastic Pens,Office Essentials,Plastic,Premium,"under-500, premium-picks",Jainex Corporate Gifts,500,Premium,active, Utility
TBG-PEN-056,P 69.jpg (https://v5.airtableusercontent.com/v3/u/55/55/1785355200000/tR64lUjtI7jyitOSxaxgUg/hBUw8LR2xTvePXTAeH1IW29u0eXWLAB2jYxIehNF0Xef0zJdDelo6XNpptwNSTzgg3sPjtUI3SOvPX1oXsA1O4lZiJzfSvLnCelD2oPL9ZMNNrk6Sf8O9L_YE3WPmypPWT7Ql8oGr1pLQnN7V8_JVQ/XJ4L7araIRyPGP60kN6i_-98NnwbxdDqisQS3kQfUgk),checked,,Website Ready,54.0,"Premium Picks,Under ₹500","UV,Laser","Premium,Branding Possible","Employee Joining Kits,Event Giveaways",Blue Glow Ballpoint Pen,"A cool blue pen with a luminous gloss finish that catches the eye and keeps the writing smooth. A vibrant, head-turning pick for events and gift sets.",metal-bullet-red-ballpoint-pen,Metal Bullet Red Pen — Premium Metal Ballpoint Pen for Executives,"A solid red metal-barrelled bullet pen with a premium weight and executive-grade finish. Bold, powerful, and built to impress — a serious upgrade for any corporate gift set.",Red metal bullet ballpoint pen for premium executive gifting,P69,Plastic Pens,Office Essentials,Plastic,Premium,"premium-picks, under-500",Jainex Corporate Gifts,500,Premium,active, Utility
TBG-PEN-054,P 67.jpg (https://v5.airtableusercontent.com/v3/u/55/55/1785355200000/kG0lZ9ngWiERd2wE-_ILRA/w2saCgjFuZemC9A4wKdlIM5qE_xB6YjcLOvargNXRBOa-WyZIortr3_tFC3CuWBabQWjq10Eyx32V1Hz6pObOXiktbZt-BVT-5cRpg0ZOkxUZWYC_sOaNy0W34yOolK9zY_HT9IZhxgiP_Xhz63aOQ/IGF8uS9QMpn2sbkCDsOBiNab3YR9IJsgEGqNibmpZMA),checked,,Website Ready,54.0,"Premium Picks,Under ₹500","UV,Laser","Premium,Branding Possible","Employee Joining Kits,Event Giveaways",Black Glow Gloss Pen,"High-gloss black with a mirror-like finish that commands attention. Bold enough to stand alone, versatile enough to anchor any premium gift set or stationery kit.",black-glow-gloss-ballpoint-pen,Black Glow Ballpoint Pen — Stylish Gloss Finish Corporate Pen,"A striking black pen with a high-gloss finish that catches the light beautifully. Bold, modern, and perfect for corporate gifting, award kits, and premium brand promotions.",Black Glow Ballpoint Pen — Stylish Gloss Finish Corporate Pen,P67,Plastic Pens,Office Essentials,Plastic,Premium,"premium-picks, under-500",Jainex Corporate Gifts,500,Premium,active, Utility
TBG-PEN-052,P 65.jpg (https://v5.airtableusercontent.com/v3/u/55/55/1785355200000/k56J3hBykYIFd1ldIUmnEA/MkvI-u7XAHJ7aaBzUl927SrEj8b-xpwx6J2bMUFcs1CQl4gWxNVlQ-8cGuZ6Ii8fq4X7n5qkMeCO7DLH4PZr_2Yms61Bu3j8IDj1Epic9OYBy4iFyLEzos59lBeeQ0HHBGn25riw2q_wZelm6FCSUQ/mbm289KlEwNiWlNclQYu9AKosewWqCdw0QhN446KGJk),checked,,Website Ready,43.5,Premium Picks,"UV,Laser","Premium,Branding Possible","Employee Joining Kits,Event Giveaways",Blue Square Pen,Break away from the round. This sharp-edged square barrel pen in cool blue offers a modern geometric look that keeps rolling off desks — and out of stock.,blue-square-geometric-ballpoint-pen,Blue Square Ballpoint Pen — Modern Geometric Corporate Pen,A contemporary ballpoint pen with a distinctive square barrel design in cool blue. Stands out in any stationery set and is ideal for creative offices and promotional gifting.,Blue Square Ballpoint Pen — Modern Geometric Corporate Pen,P65,Plastic Pens,Office Essentials,Plastic,Premium,premium-picks,Jainex Corporate Gifts,500,Premium,active, Utility
TBG-PEN-034,P 43.jpg (https://v5.airtableusercontent.com/v3/u/55/55/1785355200000/pko5a5FquhunKg4Xk87nlQ/aaZSrO8ZAcz6FhwvRa3dJNEVE7F28OxP28PBld0ZOSLNniYKguYgjk76uwTl7bDZGvx_tpYl9QjEPBQHmoofq7LswCXlfeh4bavNuA-4WtcNw_KILceHuHnB-j0VIqFEyO1pQhr1tJKbblcJp9SrHw/_E2_gENvys41rsydCZRIwWvFRsTxrYyaGgmrSiVtBk8),checked,,Website Ready,20.0,Budget Gifting,"UV,Laser","Minimalist,Branding Possible","Employee Joining Kits,Event Giveaways",Metal Bullet Black Pen,"Heavy, confident, and built to last. A solid metal-barrelled bullet pen in deep black that writes as powerfully as it looks. Step up your gifting game with this executive-grade choice.",metal-bullet-black-premium-ballpoint-pen,Metal Bullet Black Pen — Premium Metal Ballpoint Pen for Executives,"A bold, heavy-duty black metal bullet pen with a solid feel and executive-grade finish. Perfect for premium corporate gifting, leadership awards, and high-impact brand impressions.",Metal Bullet Black Pen — Premium Metal Ballpoint Pen for Executives,P43,Plastic Pens,Office Essentials,Plastic,Mid Range,budget-gifting,Jainex Corporate Gifts,500,Mid Range,active, Utility
TBG-PEN-046,P 59.jpg (https://v5.airtableusercontent.com/v3/u/55/55/1785355200000/l-FZngGo0ID5_muZXEWNGQ/iz3lSpuwmLBUbPwlX0qu3wBQ3iPFx69BQ87fPENKcZ-3dtZOfWfCV0hSASSPC1A-fzGP6F6coQ-_DXf_MG0prQNkAvEtelq8T7crsdhVIBFlgtKJ2wIpuE4BRch4dQ5a3qM_n8iSJp7_cuMb3MZ8bA/FsNx3hF6iCdKL2dti4iWlr5f8bPLSsADXynRN9H3EX8),checked,,Website Ready,60.0,"Premium Picks,Under ₹500","UV,Laser","Premium,Branding Possible","Employee Joining Kits,Event Giveaways",Cool Red Ballpoint Pen,"Turn up the energy. This vibrant red pen brings a pop of colour and personality to any desk, gift hamper, or brand activation. Bold, bright, and impossible to ignore.",cool-red-ballpoint-pen,Cool Red Ballpoint Pen — Vibrant Red Corporate Gift Pen,"A vibrant, eye-catching red ballpoint pen that brings energy and personality to any desk. A popular choice for brand activations, trade shows, and colourful corporate gift sets.",Cool Red Ballpoint Pen — Vibrant Red Corporate Gift Pen,P59,Plastic Pens,Office Essentials,Plastic,Premium,"premium-picks, under-500",Jainex Corporate Gifts,500,Premium,active, Utility
TBG-DIA-13,D 176-2.jpg (https://v5.airtableusercontent.com/v3/u/55/55/1785355200000/xftnzQJKgJWKjd9rbbNJVQ/TI0UQ6NKbDyfSj2niInWva2GNUnfFigEx-WuPw_jhNynGJgH2IknkH2ZOGfk9bPZu4HuyqAXSm48hZw0ti231WCWMgHWvKnhtXlfYl-Km1QaDNmgrhl-g5WwtMh4-oFaRu_inK8bN7rAjbOVJwXuyz4os2xkBSWrTraSk8bcOYw/FU1UZcASM3Z786Fy5hSpVzKGOtUyEsmCdsYnb9mWrT8),checked,,Website Ready,230.0,Premium Picks,UV,Branding Possible,"Employee Joining Kits,Event Giveaways",Executive Black PU Diary A5,"Premium A5 smooth PU diary in an elegant black finish, ideal for corporate gifting, office use, conferences, and executive stationery hampers.",executive-black-pu-diary-a5,Executive Black PU Diary A5 for Corporate Gifting,"Shop premium black PU diaries for executive gifting, office stationery, employee welcome kits, and business events.",Black A5 smooth PU executive diary for corporate gifting,D176,Diary,Office Essentials,PU Leather,,premium-picks,Jainex Corporate Gifts,10,,, Utility
TBG-DIA-14,D 241.jpg (https://v5.airtableusercontent.com/v3/u/55/55/1785355200000/ZO9bkfRQIQNEuX-s1mMIgg/EinCgTxzxOA0pk6kUoeeP6yDfhfqHGDcroispjO7Fmu7XLroxNz0aklPdJnMW63O-M53ihF92W8Y2rzhnT-Teb4nAm4vJSZdMbqmUAFWwL-jhVSwZbvnpxH-ELZQdOcKaOpJxfbBjFE0yuGWyIYBEA/2rNpbpKVDLUdJp0ObO_SUA5NrWa0vvApkJLef0UWzAA),checked,,Website Ready,230.0,Premium Picks,UV,Branding Possible,"Employee Joining Kits,Event Giveaways",Premium Blue Hardbound PU Diary A5,"Stylish A5 hardbound PU diary in blue finish designed for professional note-taking, conferences, and premium corporate gifting.",premium-blue-hardbound-pu-diary-a5,Premium Blue Hardbound PU Diary A5,"Elegant hardbound PU diary in blue finish for office stationery, employee gifting, and corporate branding solutions.",Blue hardbound A5 PU diary for office and corporate gifting,D241,Diary,Office Essentials,PU Leather,,premium-picks,Jainex Corporate Gifts,10,,, Utility
TBG-DIA-15,D 253.jpg (https://v5.airtableusercontent.com/v3/u/55/55/1785355200000/mjVz-uIGF62qZTGnKuKjlw/5ag-msJrpcfOqPijkgJkOgX7nGh1tD0TfsjjleOPzGm-dZfo5YjWg8fAJUwLnFzbVxVWeZApkgKQ_ZjDwolul9tzHznzD70GYWmUYJtc5srpKQHovjieQtpIUQPM1nkCkBMx1OnPfqR9PqBnF-lVYw/QS_T1WEqVsRkYIuyG2IgMuONzHzJ34cuHw0jjJSO9lE),checked,,Website Ready,155.0,Premium Picks,UV,Branding Possible,"Employee Joining Kits,Event Giveaways",Blue Fabric Pocket Diary A5,"Compact A5 fabric finish diary in blue tone, suitable for meetings, travel notes, office use, and employee gifting kits.",blue-fabric-pocket-diary-a5,Blue Fabric Pocket Diary A5 for Corporate Use,"Premium fabric finish pocket diary in blue color for corporate gifting, conferences, and office stationery.",Blue fabric finish A5 pocket diary for professional use,D253,Diary,Office Essentials,PU Leather,,premium-picks,Jainex Corporate Gifts,10,,, Utility
TBG-DIA-16,D 213 A.jpg (https://v5.airtableusercontent.com/v3/u/55/55/1785355200000/12MDmSEBrQMs-HbZP6PYxg/jAiO7ABTTCYLdq0FVPr3eqUmq7Mc5SM-pNOc625sSf5JmvDF6JCepqGuIpaA0zbOysL5vyQao45EmTKMy_0qRYvwzCUZ6kdUpn6rhlL7ZrAObytR_foQ_Di-yr4PGLAhUw_7n6oVctayXD64SEJEGQ/v3EoRqXiyh10YQCESm3qv4ftRYKl5xsjqTf__tapbog),checked,,Website Ready,155.0,Premium Picks,UV,Branding Possible,"Employee Joining Kits,Event Giveaways",A5 PU Diary & Pen Gift Set,"Elegant PU diary paired with a matching pen, packed as a smart corporate gifting option for employees, events, and conferences.",a5-pu-diary-with-pen-gift-set,A5 PU Diary with Pen Corporate Gift Set,"Premium PU diary and pen combo for corporate gifting, office stationery, onboarding kits, and conference giveaways.",A5 PU diary with matching pen corporate gift set,D213,Diary,Office Essentials,PU Leather,,premium-picks,Jainex Corporate Gifts,10,,, Utility
TBG-DIA-17,D 256.jpg (https://v5.airtableusercontent.com/v3/u/55/55/1785355200000/ceQR9QAVsINXSmqSrp8O8g/3rfWufuENYPbxfHN-NbgwEfbvqXJK-j4dL_GLWtPabP4NvxJOGlIvJUN3Qke9-IKNC-RiQOgrYNaGOm67ziFZAIQhY5p2yxrsD-zVlLEOX366VLiL75KAwTAaNsIqAS-Dg5kEeWtl14wmGLw1Z3WCQ/lS-c8pjYIeJuzqBIahr7EaQl2QTwVfxgJKquI0MfFKc),checked,,Website Ready,195.0,Premium Picks,UV,Branding Possible,"Employee Joining Kits,Event Giveaways",Premium Green PU Diary A5,"Elegant green PU diary in A5 size designed for executive meetings, office use, and premium business gifting requirements.",premium-green-pu-diary-a5,Premium Green PU Diary A5 for Corporate Gifting,"Stylish green PU diary for employee gifting, office stationery, and premium branding opportunities.",Green A5 PU diary for office and executive gifting,D256,Diary,Office Essentials,PU Leather,,premium-picks,Jainex Corporate Gifts,10,,, Utility
TBG-DIA-18,D 262.jpg (https://v5.airtableusercontent.com/v3/u/55/55/1785355200000/uwXVw-uk6G4HF8ht10AVbg/DbevwJUQ9E2g2427MtisexNszF5bM0KBYHxJfcX6X4vJWwyINrVAJ6bq-sjqj2O2I1X_zguSPmg8HMPuWonOo5BctiUIwNIQM84dCKrTfa6WHs5h4UAJkmFA0VCidOD8_NGxH7-iPiMp40Rn1onMxQ/ERwtXZX9B-v_nSI9qSq7nixyoTYVszlf2q_TxLOV2U4),checked,,Website Ready,115.0,Premium Picks,UV,Branding Possible,"Employee Joining Kits,Event Giveaways",Turquoise Green PU Diary A5,"Modern turquoise green PU diary with premium finish suitable for office stationery, employee gifting, and conferences.",turquoise-green-pu-diary-a5,Turquoise Green PU Diary A5,"Trendy turquoise green PU diary for corporate gifting, conferences, and executive office stationery needs.",Turquoise green A5 PU diary for corporate gifting,D262,Diary,Office Essentials,PU Leather,,premium-picks,Jainex Corporate Gifts,10,,, Utility
TBG-DIA-19,D 247.jpg (https://v5.airtableusercontent.com/v3/u/55/55/1785355200000/VlLn0D0mjli5nFSLOvp-VQ/LegMN8-i4pLyKthtO26PMBkF8CEElEQEHSNk_DdQ2Jin1H1Z5xwejUro7y6oLq07F9azqoUCT_G_2LZCyf1jYaa1opQOg1-L3Hl4pwcszq133UPfugESg3rG_NGpeOGUl8fp-fHw9Pwu5hx3uYRiYg/c1zyk3DT3tiNLKjlepvhNdb1ytv2YC-T81_jLKNJdYs),checked,,Website Ready,120.0,Premium Picks,UV,Branding Possible,"Employee Joining Kits,Event Giveaways",Blue Magnetic Flap PU Diary B5,"Premium B5 PU diary featuring a magnetic flap closure in elegant blue finish, ideal for executive gifting and office use.",blue-magnetic-flap-pu-diary-b5,Blue Magnetic Flap PU Diary B5,Executive magnetic flap PU diary in blue finish for premium corporate gifting and office stationery solutions.,Blue magnetic flap B5 PU diary for executive use,D247,Diary,Office Essentials,PU Leather,,premium-picks,Jainex Corporate Gifts,10,,, Utility
TBG-DIA-20,D 243.jpg (https://v5.airtableusercontent.com/v3/u/55/55/1785355200000/ukfAeWT-jSxI5u8rqclLgA/o5MpVkwALGXtYqaTq9MhS8cjG-0raX8mE6NrY1HemWeG9E7LuTtezXZeUZamIAw8H4MXhkoGAig56tUQO8dlyGlmhgSQ4N1dPdM62u03ciC-LlNPuArPJjyg5MD3anCY50XYWwcl6YBFDYX48fnRLA/8Mpjd0NUH98YGobGRxj4T_sd6Q8kMnEe4XIHbFvlrhA),checked,,Website Ready,165.0,Premium Picks,UV,Branding Possible,"Employee Joining Kits,Event Giveaways",Premium Blue PU Diary A5,"Sophisticated A5 PU diary in premium blue finish crafted for executive meetings, office use, and corporate gifting.",premium-blue-pu-diary-a5,Premium Blue PU Diary A5 for Corporate Gifting,"Elegant blue PU diary for executive gifting, employee onboarding kits, and professional office stationery.",Premium blue A5 PU diary for business gifting,D243,Diary,Office Essentials,PU Leather,,premium-picks,Jainex Corporate Gifts,10,,, Utility
TBG-ORG-21,"OR 02.jpg (https://v5.airtableusercontent.com/v3/u/55/55/1785355200000/LTNXy8b7hZTE4sEiCef2Sg/LzO_Qr-_Q_L_8P6ux_uDeHPgtqg0vIfAG3q9G6tLqkylm6u-FJeaFwKwNDjstd8HsNJn2-iOBpRmMvccI4oTyAgmuHmTO5orkajqdlrxiAzdWSfaDKA3RU2IyRGxb9QsQE9plIwDMSyVJM1A_1TFqw/RImlgazfJ_QbmNut_2l7RjFXqzaTKl553hRHzhsmkVY),OR 01.jpg (https://v5.airtableusercontent.com/v3/u/55/55/1785355200000/DTfafZiAsO-5CINLGRparw/GxmqlXxY-Zpl8kaLjEjHv-Gis_jhPY_Gz-I-ZBUqsB4oRIVyCGs1kDy39U5Gl2nm6a8_wXQ5zLUWJMYeLIX5dSOXhoD4NgHCryXgGyqyMRhX3UDB1V_pYv438RSuZPBHJjfULBwMrhuDA6FzL-l3Cg/3FDq6IouCspFaGtWtI_647UiyhZoIaRJH7nY_csiUvw)",checked,,Website Ready,310.0,Premium Picks,UV,Branding Possible,"Employee Joining Kits,Event Giveaways",A5 PU Magnetic Organiser Diary,"Functional A5 PU organiser with magnetic closure, perfect for office meetings, executive gifting, and professional stationery collections.",a5-pu-magnetic-organiser-diary,A5 PU Magnetic Organiser for Corporate Gifting,"Premium PU magnetic organiser diary for office use, executive meetings, and corporate gifting requirements.",A5 PU magnetic organiser diary with premium finish,OR02,Organsiers,Office Essentials,PU Leather,,premium-picks,Jainex Corporate Gifts,,,, Utility
TBG-ORG-23,"OR 03.jpg (https://v5.airtableusercontent.com/v3/u/55/55/1785355200000/GA7IUeyZAyjYvZ6S9W8DlQ/bCe0WD1KllzA64ZPys5CC4UGhZE4_sMCmgT5j_pOnqtJ3-wIbeRkUJpFDHlNY2ahTySy9LnLrJBrzp4vGxOfYNomMJJd0jcEePXFyORlP5x1awez7kbndHzi5j7_oS6KbO_5xUxeIxbXLTUmJ2tfHA/obbvZPEP74eckGC9FNRft1m1OX-zDpm3E1IGSU6P6tc),OR 08.jpg (https://v5.airtableusercontent.com/v3/u/55/55/1785355200000/1YjMGKbhSnmWDrAl4OyoxQ/MkRKMODkzlZ5Z-BK-ZHLhdRKWF6Zsx_Wo6ljbj_wbeTEtFRFl1igkNR4RjRoZiWAHp9AENm40oVptqsNQNtr0YD4hghXqTbGum3XOUJhQEGKr-ZYcj0AzC9GOepgmkpPpt0DqWdV03xrcus3mwxkmQ/n9h3WA5_xjc9euLW9iMRk1qX1p2G1fP5tfzJZJcada0)",checked,,Website Ready,265.0,Premium Picks,UV,Branding Possible,"Employee Joining Kits,Event Giveaways",A5 Spiral PU Magnetic Organiser,"Spiral-bound PU magnetic organiser offering convenience and style for note-taking, office meetings, and executive gifting.",a5-spiral-pu-magnetic-organiser,A5 Spiral PU Magnetic Organiser,Stylish spiral PU organiser with magnetic closure for office stationery and premium corporate gifting.,Spiral A5 PU magnetic organiser diary for office use,OR03,Organsiers,Office Essentials,PU Leather,,premium-picks,Jainex Corporate Gifts,,,, Utility
TBG-ORG-22,"OR 04.jpg (https://v5.airtableusercontent.com/v3/u/55/55/1785355200000/F5XVPRQIpyiOj_hKAnKA9Q/pTBkHNvDtb_w6C0Jdx1uxZ137uh_1D76oy_pGjX1L-dMl1SXRHjg_TBziGEkjR8iAoN_zWSH6DXTD_MuA5OpNXoCb8vBiVzMpb75rAJMipjFduQvLOFVDPF05xncT3AXsnVBdz2dN0g6XwiCzJLSOw/XQ4RKeWB8v-Asu1vANhX8rWi4s6yexLV4p_Kx9dwBok),OR 05.jpg (https://v5.airtableusercontent.com/v3/u/55/55/1785355200000/qJ5NY4PWPzauN6xUzn-lUQ/j-O1J_I1-tL-oAsqjyEKufTcK1lP358DwMgPn1suGx4ZYFa1K35ic5tNJ2KiWoynAiBx0Fr4gouoACVkLerE1kjvuHPCRZSUsomy_00fRjrHKp9F6VkBcHRYGjvdz47l5EkaffwULzcmieaZNECQPQ/yBuMdRGebSMy9i1-UGTZN5EblGZnZWSUb2c1giRj04A),OR 12.jpg (https://v5.airtableusercontent.com/v3/u/55/55/1785355200000/cHq9N43whnuaXoDaxHxq1Q/VXIWvGvfAGR7UUbDA9zwkwNns6fIVaPkVLQaCZ6LPsakk15Alijj0i21u8MvCZHlzT2l7EbGyxfrH8-CSq5FpX9fJOlEa-bTTCSqDKCtOJbJmRZQlhHva0mAorHXjKslZ4z30M0kRLqY8T8FPGh51A/lN1r0JLVqoyKOIuYkgQEtPVnGrfKwnhqdo8Sdi0cfbs)",checked,,Website Ready,355.0,Premium Picks,UV,Branding Possible,"Employee Joining Kits,Event Giveaways",A5 PU Organiser with Pocket,"Smart PU magnetic organiser with utility pocket for documents and accessories, designed for office professionals and gifting.",a5-pu-organiser-with-pocket,A5 PU Organiser with Pocket for Executives,Premium PU organiser with magnetic flap and storage pocket for executive gifting and office stationery use.,A5 PU organiser diary with magnetic flap and utility pocket,OR04,Organsiers,Office Essentials,PU Leather,,premium-picks,Jainex Corporate Gifts,,,, Utility
TBG-ORG-24,"OR 07.jpg (https://v5.airtableusercontent.com/v3/u/55/55/1785355200000/HCbJacIhz9-oltzkHyu3JA/92Ji-nZv6eZHzwAl0eLMdyUneqOhL3JJ81STc_0t4er5x3B1gs9AInPK4EaIQ59LwBny-LYWjaRk7mdbBcLZesDzh1WvEUX3Uxg2MR6vCBAD9N-bOFfIrHdRLzIPBBwVQX-LAFvxpTOhgdGgfG7miA/9TdENP9kGNkGQk3aBX8OxzRhF_28u5gYkng56gMhT-s),OR 06.jpg (https://v5.airtableusercontent.com/v3/u/55/55/1785355200000/dWeWgtDsppFguPVhBuEgkw/KF1v-0k5AzFQ4FNlRuAEcdv3ap_WVeM3yp48IDMmMyIId-0NdnrIa2w2tr3vvWZ4I1bTzd-WskBpEzzw1m0HCrSKweLLlDsC0lzgUUDx1wGY3vxtFxJs0JdniJgV1sBJ7HSTAzb9lt-AkmrGd3T0eg/surbOIelol1wA772rfDYMRc1LymlOCSOt6EtwQW8ZC0)",checked,,Website Ready,380.0,Premium Picks,UV,Branding Possible,"Employee Joining Kits,Event Giveaways",A5 PU Organiser with Silver Flap,"Executive PU organiser featuring a premium silver flap closure, ideal for luxury corporate gifting and professional office use.",a5-pu-organiser-with-silver-flap,A5 PU Organiser with Silver Flap,Premium PU organiser diary with silver flap closure for executive gifting and office stationery.,A5 PU organiser diary with premium silver flap,OR07,Organsiers,Office Essentials,PU Leather,,premium-picks,Jainex Corporate Gifts,,,, Utility
TBG-ORG-25,OR 11.jpg (https://v5.airtableusercontent.com/v3/u/55/55/1785355200000/0SpcJ2luqGGhJ1qZjcWsLg/Be68oYBe66E_AAMmCL5N6tkZHTgjJMQVgtkC1-GAtmtm1dcPaFTeRzKgxtXUY6HtV1MO3Akb7g__U4qguCYipcXVoe_MgC6bjD7PdCH-HbnV9jP2w68cf7KpuWYJoJ9SBg6R2PoPu3rQ_bhbDgO_MA/wBVVSqigak2Fi9w0_T3TgQoCufpcP4uIi9dalTcljBk),checked,,Website Ready,310.0,Premium Picks,UV,Branding Possible,"Employee Joining Kits,Event Giveaways",Smooth PU Organiser with Silver Flap,"Elegant smooth PU organiser with metallic silver flap detailing, suitable for executive gifting, meetings, and premium stationery use.",smooth-pu-organiser-with-silver-flap,Smooth PU Organiser with Silver Flap,Premium smooth PU organiser diary with silver flap for corporate gifting and executive office stationery.,Smooth PU organiser diary with silver flap closure,OR011,Organsiers,Office Essentials,PU Leather,,premium-picks,Jainex Corporate Gifts,,,, Utility
TBG-CH-26,"CH 01 A.jpg (https://v5.airtableusercontent.com/v3/u/55/55/1785355200000/IYZET6d2CMp0XCyxbWblcA/chP79CcFR8r52lGj6v3YPO2CvIvNTQ4KpVjMtY4BFsvehKIrrNa0Kb5pfwojwXr6L6z2RKzon4sEahPQypCEf5aWE8Mefj9S1dUkLi4OaKV9JoduL7seyf7O94bwp8FeWol1LTYNxDHlnknjt-8qLw/bi0UEMrBv3lGHhkOB7roccDB3XyOQoLi19_IEW5WgMs),CH 01 B.jpg (https://v5.airtableusercontent.com/v3/u/55/55/1785355200000/B7IsYZfORybTIOGzI9sg0Q/_VsmVZu_PaXold7hg6g52-rdT9c6EYCTLrUB3GKNyN7ygI8p7c0ulHWnzkrH-RmoNSZt7gFsE871hcJMpuB5nK_zPOddB3r4oD_18yfH3tXtn3TvRoG1rRjhQ9PC2lTAkQfjG-9i25pSZ62861Yilg/0sU_6tFp7w_0SGTcRIz_9N8rMzF0XuX2faGhg4OGRI4)",checked,,Website Ready,70.0,"Budget Gifting,Under ₹500",UV,Branding Possible,"Employee Joining Kits,Event Giveaways",Premium PU Card Holder,"Sleek PU finish card holder designed for professionals, business meetings, and corporate gifting. Compact and stylish for everyday office use.",premium-pu-card-holder,Premium PU Card Holder for Corporate Gifting,"Elegant PU card holder for business professionals, office use, and premium corporate gifting solutions.",Premium PU finish business card holder for corporate gifting,CH01,Card Holder,Office Accessories,PU Leather,,"budget-gifting, under-500",Jainex Corporate Gifts,,,, Utility
TBG-CH-28,"CH 05 A.jpg (https://v5.airtableusercontent.com/v3/u/55/55/1785355200000/7H78weh2DCXgKGsZthbiZQ/5Sxs70c-1lTrvS6Bl1IRHKnImZGNRPSs7-uIyND-VeYwVmrL24JC5VlHDjNrhJCg_Qj3MB69SeQQNJrj9mRJH4faPETixQrHJyRoyWncZNrZ64x-N_5ne7G7ZibH8x34W0WzI18iOk33WpbJcdY64Q/Bi6hJKNjL-YqxRNTK84Lhs7-IWYEijml_jtURpmaMQY),CH 05 B.jpg (https://v5.airtableusercontent.com/v3/u/55/55/1785355200000/Rp-n2EZTH81yssJLy58B-Q/PTym2VTjG73DYKrkUGmYNnqw2nGCr7oJaQnkqYR-XXM39t0eyaOn-h2ugScLnenhiXtVw9EfwffZPyBdMHSAPeHRWgM_1CksYq_UWap-Eg_E1FtXVIwX5ybEgPAGwuRsQlZ4jSens1uVE3yVHXIzeQ/btxhYmGF0QDAJAyL_eEGIydRuUtQ8qtW-JLB4Glwyo0)",checked,,Website Ready,65.0,"Budget Gifting,Under ₹500",UV,Branding Possible,"Employee Joining Kits,Event Giveaways",Vertical Fabric Finish Card Holder,Premium vertical card holder with elegant fabric finish and full flap closure for secure storage and executive style.,vertical-fabric-finish-card-holder,Vertical Fabric Finish Card Holder,Elegant vertical fabric finish card holder with full flap design for premium corporate gifting and office use.,Vertical fabric finish card holder with full flap closure,CH05,Card Holder,Office Accessories,Fabric,,"budget-gifting, under-500",Jainex Corporate Gifts,,,, Utility
TBG-CH-30,"CH 26.jpg (https://v5.airtableusercontent.com/v3/u/55/55/1785355200000/i2MG-oXkoqZKpJALBXOA-g/yYeRGImRlrhsH4iIwnhI528Z3Ycm-JCIuMDFhShvuxM-YfNUZTnwQp2_7mkhw3WjGSyu9c7LFtBwh7iwD0zzzEkbwtpQmnlrEa4rMzaP9zdfkY5mJa7bTatH8--5CON_sq7AHsS--3MitFIk8VL-5A/uuMSMOrupv_ug7aqdlhpEdbIaQcpo1hoirzv-gvfZ6M),CH 27.jpg (https://v5.airtableusercontent.com/v3/u/55/55/1785355200000/QLgIt7eecSESbil2cBScnw/evVCA653RV_cd8q7yNmsGiTw79UACjy-prID5IHa2QPfzdQK7O7g-b1ep-N1hd_nkfG3j3ZXLCK_mD0QFadEPzIkDVInciCa656uS6H_yzdGDo5dy3uuAAMJ2jW4a5ryKPxP_XYX07gcN6i-RiXerQ/VyiFVmAKzosC_77cMQQWeoIFepz0gZCs_BR7HjpbCv0)",checked,,Website Ready,65.0,"Budget Gifting,Under ₹500",UV,Branding Possible,"Employee Joining Kits,Event Giveaways",Vertical PU Card Holder with Small Flap,Compact vertical PU card holder with smart flap closure designed for business professionals and premium gifting solutions.,vertical-pu-card-holder-small-flap,Vertical PU Card Holder with Small Flap,Premium vertical PU card holder with compact flap closure for executive gifting and office accessories.,Vertical PU card holder with compact flap closure,CH26,Card Holder,Office Accessories,PU Leather,,"budget-gifting, under-500",Jainex Corporate Gifts,,,, Utility
TBG-CH-33,"CH 15.jpg (https://v5.airtableusercontent.com/v3/u/55/55/1785355200000/sEe1aI5MlP9p5I-LeNfcSg/3sCOeOv85WfzEj2Y9D-eBC_1L4nTtx_-R-N9Y8HoC44fDuF8himOPNHEeLLYdQHJiP7Ltwuec-tIvqODS_g5mp4_H0xTCQQMOgQxF3PRbpdTcuBGUfraHzZUi5nZouOLdxC0LYOCXMdDmvJEsqMPYA/09MwPdfiacKTXrFRQwYCc2nc-zY_u8lg8PUH3J7StF0),CH 16.jpg (https://v5.airtableusercontent.com/v3/u/55/55/1785355200000/2Jwx5oekikvGn0dswgrN2g/X4dWEI_7zDblYYqAjfSoRCRF1evmJZy7AQPQJfYOMhd2RJn9yJATw_HiLwyFnQEjK7Z6SnsXe-wUfC_NKyqn_icwcBRfB6t3IgbU7oNlObKibb_zAIOi-l0v-PiMIfdtJHJwojT6Bo-nWjxN_MnTZQ/H9Ud-KUTOGHdkEVoc5E-KiaOPNmWUiXlnEMD-jTlNYI),CH 17.jpg (https://v5.airtableusercontent.com/v3/u/55/55/1785355200000/Cp-5HHPFejkMDrqyBvn0LQ/-Xk-DJF5Vbc7xv4b5BAINiAnU_BVl743Th8wk3tPgnlWL9Vp7ziI4lrz4LUEitrz8jWuO6iTI1q9aBaSwaEwEvCSImxjpn5O36B1yf-te2V67qtgr4zxzjZCLSt0WaNNSiBGM-R38R6s-et0a0gpag/G9uSc6B_F994eZB-sR_4yX45uMG747FbnHK5kaKKroE),CH 18.jpg (https://v5.airtableusercontent.com/v3/u/55/55/1785355200000/mCKETqo7afPMvmKTTQKUww/s44nTW6luiVKzNynOi62c18NrNO5I2IZZQoEvijHobhoJkgvMtdqbGCEJVlg3TgO5OUz50wn8lBflr-B3y_dGnyey0vAAchdwPzXnnoGr1-AVb8YIK4OWbEyQDJTHgBmIE2bEBsMzNGbmYxOaNq7Kg/vsM9Y2Mpbm8IcM7ou1bdx2DxiMnSNRUY_b1Ct8teh4A)",checked,,Website Ready,65.0,"Budget Gifting,Under ₹500",UV,Branding Possible,"Employee Joining Kits,Event Giveaways",Classic PU Executive Card Holder,Classic PU finish executive card holder crafted for professionals seeking elegant and durable office accessories.,classic-pu-executive-card-holder,Classic PU Executive Card Holder,"Premium classic PU card holder for executive gifting, office use, and professional business accessories.",Classic PU executive card holder for corporate gifting,CH15,Card Holder,Office Accessories,PU Leather,,"budget-gifting, under-500",Jainex Corporate Gifts,,,, Utility
TBG-BOT-34,"BOT 02.jpg (https://v5.airtableusercontent.com/v3/u/55/55/1785355200000/DIzzpyLUi1LB2EDIf56MuQ/tJ2w29Zg8zQkFEMAYmWxM-20iEBv1hS2aRd-Q0MbV9X9O4XwLV5bwqj-LLBZXcIPNjf8jXVqdgZ66Vu1htoQDULXy5fiiOms88VeaC1U0OGQuNrVsBNqQkEPZrGs5jYHAq8qHwL2kI27twKKQ-v12A/dg-0xlkEKmrXOJZvRkUTmt-8XSJ_GxJY2d4RVZ_3-5A),BOT 03.jpg (https://v5.airtableusercontent.com/v3/u/55/55/1785355200000/Nr_Z-CzmciuHjvxS3FDvIg/F5tFpsnpvqX8-VVwWAKIsgmxMlptUl4gQSNZkzcXYJzn86vra7bRLEClxgFJvXkeS4gpWMpX2DNdcCxpID7xnOZ_Zcb935R1yuRg-h8GYwbmtdjF6CKJwmHglX1TQ-1CRz3ekF-o0E8GwhZAByF-3Q/EVmlApdAGzbBfyYhz8-unyz1rsvoBj2Y-tWxHVFo51Q),BOT 04.jpg (https://v5.airtableusercontent.com/v3/u/55/55/1785355200000/OcAZxqtOvKVk_V8V28khTg/cD6U5UqSY3pE6b2OuNJPcjGf1peEh_EHpzUdZsSJENjnzZ7bzSJ4MmbULzGhd2CeDg4n-0Fi_DgFjor_cKXIbsvQ_yM5-oiVUJh-6L4BWpE3TInCfTrx35GqZX39Jf9WwGg-7ApIqT2SRMAFzoj9ng/KX3v7Jm5MlggT9srLIf78EVYykvJSbzV_Uhbr5z8dbQ),BOT 05.jpg (https://v5.airtableusercontent.com/v3/u/55/55/1785355200000/1rYCNtI7qkZBeX2_4_1kwg/JkFEj57d40I_ocNrlTjCgwuoEXhDXc2AC0upi2SteewaKYKzvCXu9o35xPsVYb1f3phSFZPsRXq0iQfV2c1ex2SK_73KebHQGul9pUrfyxL-AWYA0IlmKqw7_tXeNoaG62__8LHZW1LWjk7Pl93jcg/wXzbf0iu9LmXREHO-Ejx7lt2258DviBjPTKU6ou4Qt4)",checked,,Website Ready,185.0,"Budget Gifting,Under ₹500",UV,Branding Possible,"Employee Joining Kits,Event Giveaways",Temperature Display Metal Bottle 500ml,"Smart stainless steel bottle with LED temperature display and insulated body designed for office use, travel, and premium corporate gifting.",temperature-display-metal-bottle-500ml,Temperature Display Metal Bottle 500ml,"Premium temperature display metal bottle with insulated design for corporate gifting, office use, and travel hydration.",Temperature display insulated metal bottle 500ml for corporate gifting,BOT03,Bottles,Drinkware,Metal,,"budget-gifting, under-500",Jainex Corporate Gifts,,,, Utility
TBG-BOT-35,"BOT 08.jpg (https://v5.airtableusercontent.com/v3/u/55/55/1785355200000/8c75xh_b-b0ppBgfW5-yRg/RwTBFkCvavAVBCG8yyMsyjR1oWtLWrAgbN0zP2EGywTe98y_diiNz0D7jXlbWAjK4tA2lWqWgPDQNv8YFuPARzN8jVvJmawwoRf8qErC-I9LlT2zDM7g9uoGd_1Ov1vlgxfRrXe4aCxXOYMmv7wQLg/pEnT7OQnPsm_MMMuQ5NgdKgu2MnNNitjRh-uNLzJqbw),BOT 09.jpg (https://v5.airtableusercontent.com/v3/u/55/55/1785355200000/gIgMS3Wle024igGF57E7jw/WFFzqoyEi2kx2Ddxmm2qMbRZIa4gOk5XMULc5rqEXs5zD_DOnQP97pxHjPQoXAHE56DO_PEzwn-xij_BAHid8_GgUqdYGAsgFbuHQEKckueeyMtZPisAX3b1AxIQQDMwjbCcR7UwkcUakRyOVaAm8Q/7oo5DrM1U2eGXbHPM15IsEDxD68jm36GDqyJu51I4MU)",checked,,Website Ready,185.0,"Budget Gifting,Under ₹500",UV,Branding Possible,"Employee Joining Kits,Event Giveaways",Insulated Metal Bottle 500ml,"Double-wall insulated stainless steel bottle designed to maintain beverage temperature for long hours. Ideal for office, travel, and gifting.",insulated-metal-bottle-500ml,Insulated Metal Bottle 500ml for Corporate Gifting,"Premium insulated metal water bottle for office use, travel, employee gifting, and promotional branding campaigns.",Stainless steel insulated metal bottle 500ml for office and travel use,BOT08,Bottles,Drinkware,Metal,,"budget-gifting, under-500",Jainex Corporate Gifts,,,, Utility
TBG-BOT-37,"BOT 19.jpg (https://v5.airtableusercontent.com/v3/u/55/55/1785355200000/zANvniCr_7KpCy0JJdQ27w/Ufoq7XQPbH-k4oDRkDOXP9w-K4KBqz31QkT1_BKKtTBvuOnG0uEaZ_yR5eY8TEc1zPaerSDweVUO-mMGbCHYfEqKUjio4ErEwY6ahDs5bXYRVQ95McfpGVxBTBvBTAeAJd0iBGTRXRK0uTQZM-Rh6Q/UQ52oEsPLlL4YeBE5ZU1qy6lXmRByUGK-8FOUww0GJc),BOT 20.jpg (https://v5.airtableusercontent.com/v3/u/55/55/1785355200000/MQ4KruBuZrU7JmVeMT0qXw/fjFzk0w22Utwxt63RtbvyGH83D6Gs_e9q73qtKZPlvSkRci_cSePjupcf2sdWWbN0rrcCIQZJlvVc7_kuDeGgWaXXFkzWvj3mwhBtOkNqKus-Mo2bkJsjtcUw0zbf5Ok26dLLRgbYuynosRk99mnAQ/5JcIC0j9B6jsKjGqgEIL9yRNH8ysui_dDXi6F4vV0NM)",checked,,Website Ready,250.0,"Budget Gifting,Under ₹500",UV,Branding Possible,"Employee Joining Kits,Event Giveaways",Metal Bottle with Cup 600ml,"Functional stainless steel bottle with attached cup lid for travel, office use, and executive gifting solutions.",metal-bottle-with-cup-600ml,Metal Bottle with Cup 600ml,"Premium stainless steel bottle with cup lid for corporate gifting, travel hydration, and executive utility hampers.",Stainless steel bottle with cup lid 600ml for corporate gifting,BOT19,Bottles,Drinkware,Metal,,"budget-gifting, under-500",Jainex Corporate Gifts,,,, Utility
TBG-BOT-38,BOT 30.jpg (https://v5.airtableusercontent.com/v3/u/55/55/1785355200000/IYRFdfaFLgWDAf5brGtoRA/1Sr8k4Qq_kjwWTc_54KQjXIAI8w91jbawjPvUVsgHVNfZAx3XHUp-qGsolTlhv6SpE9XqQ0Ddqi71eNT5wx9c9i97k-kZcDHd2VOCS5ojxSqj-OS8s2HfQTT8-BFzTnObmoyPUb_HakdgbUvAlp74A/8hfSyuG71zGC5LFklTjr5fbpCsduCXEUsctXoII3_LM),checked,,Website Ready,425.0,"Budget Gifting,Under ₹500",UV,Branding Possible,"Employee Joining Kits,Event Giveaways",Cork Finish Water Bottle 600ml,"Stylish cork-finish insulated water bottle designed for eco-conscious gifting, office hydration, and premium branding opportunities.",cork-finish-water-bottle-600ml,Cork Finish Water Bottle 600ml,"Eco-friendly cork finish water bottle for sustainable corporate gifting, office use, and promotional campaigns.",Cork finish insulated water bottle 600ml for eco-friendly gifting,BOT30,Bottles,Drinkware,Metal,,"budget-gifting, under-500",Jainex Corporate Gifts,,,, Utility
TBG-BOT-40,"BOT 51.jpg (https://v5.airtableusercontent.com/v3/u/55/55/1785355200000/JmK6s8ZTQWFwJ1yKg9cYhA/bd3l52_c1ok2aXzcaYHxNXvjqm1Wpro03fTnYnOCqUqm1CsVkX_T7grpnhgzLPmb1PMGYqydj-fyGfA24hKu2_IZuhR5cu1HvvdQ0hHBhfq4jMFpR_Hhi2qzfq5_6XGsQWtWbAN5oWYtqSVvKTJleg/tEW-uzzHEI2inLM582r9Aak1lpnZr-hRrTpBeUs24D4),BOT 52.jpg (https://v5.airtableusercontent.com/v3/u/55/55/1785355200000/ZSc_7ZzhZokFhj-pOitg8A/mjE9erstKV1X8aVE1d5E1B82G9MQY5Te2GjGjwfVK_SjbtOSNzxBGBuIV1CLmR9uQl9TFFvyieWQj5X0IVSLlN8G1D6O7Q6UMSb2IxfQh2VnBc6poUeUKJcN_2-z4xu6NmOcVlZm2w0I6x4z7fT0wA/AElJ65kPuvAR22HfYuOOekS13TWmALw54DB-hw3edYs)",checked,,Website Ready,200.0,"Budget Gifting,Under ₹500",UV,Branding Possible,"Employee Joining Kits,Event Giveaways",Sports Water Bottle 700ml,"Durable sports water bottle with ergonomic design ideal for fitness, travel, outdoor activities, and promotional gifting campaigns.",sports-water-bottle-700ml,Sports Water Bottle 700ml,"Stylish sports water bottle for gym, travel, employee gifting, and promotional branding solutions.",Sports water bottle 700ml for fitness and outdoor use,BOT51,Bottles,Drinkware,Metal,,"budget-gifting, under-500",Jainex Corporate Gifts,,,, Utility
TBG-BOT-39,BOT 42.jpg (https://v5.airtableusercontent.com/v3/u/55/55/1785355200000/q7sS0Z8o2RjgjZmOQIbzeA/q1Qe7s6s8qeF1wW52u5crGDXmqc6TH6r1K7PDyiILdh0x9qTKHKrgDVl-qEn_dNODHjvpnJujyOkljGuaX3-08yWS1ETXeW7ynPDidytmw7Ui9s_0hw6Wnheu2qcdOfMYYhGnDlHBOWF5oRG8cWFqQ/NTj556_M-VLUUYzO-OgkO-LwQIMal_22n_nn85BMk70),checked,,Website Ready,355.0,"Budget Gifting,Under ₹500",UV,"Branding Possible,Sustainable","Employee Joining Kits,Event Giveaways",Bamboo Finish Water Bottle 600ml,"Elegant bamboo-finish insulated bottle crafted for sustainable corporate gifting, office use, and executive hydration solutions.",bamboo-finish-water-bottle-600ml,Bamboo Finish Water Bottle 600ml,Premium bamboo finish water bottle for eco-friendly corporate gifting and executive office use.,Bamboo finish insulated water bottle 600ml for corporate gifting,BOT42,Bottles,Drinkware,Metal,,"budget-gifting, under-500",Jainex Corporate Gifts,,,, Utility
TBG-BOT-41,BOT 07.jpg (https://v5.airtableusercontent.com/v3/u/55/55/1785355200000/oUj43W7B_gKHmc8tSL1XVg/Abp6qU8KME7f3KYtd0_zkjXRFjQ5ZvbAfr0K95XNp2mySxKd7cvMyki2MZhkY4gcpHPMIz3AjMLiHMXl0XciMSbthvptWSPkRbct5n6E9lK_REb4tiH9lN4wSXlqrmPHV8k-BFm3Buq5vRVnbb-TXw/98YhxuJ56hpKRcfWah_3EAA5HcpZcZU7mWBqgqKYPDQ),checked,,Website Ready,230.0,"Budget Gifting,Under ₹500",UV,Branding Possible,"Employee Joining Kits,Event Giveaways",Vacuum Thermosteel Bottle,Premium vacuum insulated thermosteel bottle designed to retain beverage temperature for extended hours. Perfect for travel and office use.,vacuum-thermosteel-bottle,Vacuum Thermosteel Bottle for Corporate Gifting,"Durable vacuum thermosteel bottle for office hydration, travel use, and premium corporate gifting requirements.",Vacuum insulated thermosteel bottle for office and travel use,BOT07,Bottles,Drinkware,Metal,,"budget-gifting, under-500",Jainex Corporate Gifts,,,, Utility
TBG-CMUG-42,"MUG 01.jpg (https://v5.airtableusercontent.com/v3/u/55/55/1785355200000/nqxTcEOTlq-kMs8pvbYa3g/LvqNntszRCXfv4GDcobNcAn6YY8EKgVBXaIcEviGYRF84lN14YSAwHFvn6_UQZ2msXwoeSAvpqchABWhmMfxnbuWTvNkMx7dQvqCG3YA4luiQJbNZO75TZ70zi2tdbl5h95ipP4tHXVgPK-hPJtv0A/eqA7HHYlWz_SY797TBoXaDGvf0EFa_TAb5dymGB5uc0),MUG 05.jpg (https://v5.airtableusercontent.com/v3/u/55/55/1785355200000/JMMMQp09_zeK1sfoWTIn2g/pvxCnDnBc0ZZsPU7Nfuut-6E2wMFEul8NBNrlZlL9g4mK51HWnfVTiRZtAjTcgJRvq5RzIrrJo7nqQv0fgNjFuFgeRypgx2KmzBSpUBm2jDPw2dQaK-TQTL7qH04hhsKUJL4HFFyyOLTSdk4Y7DQPw/Ga_V2IYw6KRhijPemIJVgeG1NKpfrwoM-YZajkmhR5c)",checked,,Website Ready,225.0,"Budget Gifting,Under ₹500",UV,Branding Possible,"Employee Joining Kits,Event Giveaways",Vacuum Insulated Coffee Mug,"Premium vacuum insulated coffee mug designed to maintain beverage temperature for long hours. Ideal for office desks, travel, and executive gifting.",vacuum-insulated-coffee-mug,Vacuum Insulated Coffee Mug for Corporate Gifting,"Stylish vacuum insulated coffee mug for office use, travel, employee gifting, and premium branding opportunities.",Vacuum insulated coffee mug for office and travel use,MUG01,"""Coffee
  Mug""",Drinkware,Metal,,"budget-gifting, under-500",Jainex Corporate Gifts,,,, Utility
TBG-CMUG-44,"MUG 11.jpg (https://v5.airtableusercontent.com/v3/u/55/55/1785355200000/IMDpKgAhV7DyTn7zSsSweg/N-0sXX8GY8_5YhGWDuY_riMT_I_aCZieaxS-HYWTW87rRYzcbN9FmGhE-NgrcUoIm5eH_UuUEB-BWpSqjI8KhAB7FQ-NvT-u1Jd6yMp4sQp8C0T3GvkYWr8Px0RuAPCH4XUbt2Wtqnslozc7fFyDFg/rENOCpC0FVzDvhhnGu4-Z7m3FNvgL9qSlbQ43yMT3Dg),MUG 12.jpg (https://v5.airtableusercontent.com/v3/u/55/55/1785355200000/sspnGB9j6nBTGOVRgplgEA/ixIGenlSFTJte3bul_q4DyFXD3Xlsa6_vFiy6AMtnEh9H2m9kMIe_PbNTOC6MujlvY4EbpyJR6sf11OAW3lO6b4tpN8AU0T4Ki-wWdt8zOD15-jDoYbQmR3YY9FYeDFeaKswYACOXwszWinm8gMq4A/MVClhOkt2S5qrWOD1euXFax0SfCTeItave07ifGPEH8),MUG 13.jpg (https://v5.airtableusercontent.com/v3/u/55/55/1785355200000/dc0ID4Ff25_9Ae1EXVdkJQ/U9WORiY15GrPNJhyQr3ViPjoM3Sv0BYPlnQDgwVsz61j0ThUaNfXBfntKMPB3qUZX8S-1gh6gfPGI1r_S7-taC2hom9EUI5Kmu70wQJPUwkCebXBAd0ekcuUn58p6Gvxs6tn0IHfZXhNvyHRf_i7lA/1dS_ZJc3O-EHYc_Z6z5g5-F3Db-IyW1xPO-d3xTt9C0)",checked,,Website Ready,180.0,"Budget Gifting,Under ₹500",UV,Branding Possible,"Employee Joining Kits,Event Giveaways",Vacuum Stainless Steel Coffee Mug with Handle,Durable stainless steel insulated coffee mug with ergonomic handle for comfortable office and travel use.,vacuum-stainless-steel-mug-with-handle,Vacuum Stainless Steel Mug with Handle,"Premium insulated stainless steel mug with handle for office use, gifting, and travel convenience.",Vacuum stainless steel coffee mug with handle for office use,MUG011,"""Coffee
  Mug""",Drinkware,Metal,,"budget-gifting, under-500",Jainex Corporate Gifts,,,, Utility
TBG-CMUG-43,"MUG 06.jpg (https://v5.airtableusercontent.com/v3/u/55/55/1785355200000/c_lB3wq9EpZ4PAYH6cYkJw/ddwjA5SAaobadDB0qgxOJQv4c4tpnTT8K266lWOKbNuPPUx9cVVA5SyaGfxtmWXZpI3jZvT8ezpRqYCmTyyVYeYg-rKpOyMAFVdBzKyrpLAVpt_dVbMHlrAHMzZV8z1xRSshLCexlrpoyUV2DasGTQ/ZJGKSw6VgLT3dxbZKtss_VW_uEa21NtW20ot8aI79k0),MUG 07.jpg (https://v5.airtableusercontent.com/v3/u/55/55/1785355200000/E2kBXJ9xUC1natu3wLyqug/TzUb706FYz7Bf7rhHZWUKQVJozPvjdrcYX7EuMrmg9k5YfVEYItLAPZM6sGqX9qqux2W7YTjpvz_lnjkLoA59zfmRM-qOdVwZxpbjvIxekWQMqlWSTZ9l7t-jb1osympbVKpnThwtmi_4iqMs1B3EA/TdXwuAP9MhzTJJg9qLqMRQxqVYI0M8WrBJa8uZ5tZiA)",checked,,Website Ready,305.0,"Budget Gifting,Under ₹500",UV,Branding Possible,"Employee Joining Kits,Event Giveaways",Stainless Steel Vacuum Coffee Mug,"Sleek stainless steel vacuum coffee mug crafted for professionals, travel use, and corporate gifting requirements.",stainless-steel-vacuum-coffee-mug,Stainless Steel Vacuum Coffee Mug,"Premium vacuum coffee mug for executive gifting, office hydration, and travel utility purposes.",Stainless steel vacuum coffee mug for corporate gifting,MUG06,"""Coffee
  Mug""",Drinkware,Metal,,"budget-gifting, under-500",Jainex Corporate Gifts,,,, Utility
TBG-CMUG-45,"MUG 15.jpg (https://v5.airtableusercontent.com/v3/u/55/55/1785355200000/-F70mL7Ip-m0oy8pXd1WoA/G284Hi0iTpBFiqzhOjKAk7ROB9lAMmAJmGXftqhQPLRjjab_IBelOdPV62Z9MCOZ6qIsmRc39oO6KlcaQsNml7-TZ6Qfpkbm0_2-1XoSu3_djV4JUzIt_oARGVCUSaXD6QAm0fvff922L-BbTQ0OIA/6tYDWTXBZhxxdwmuu3M3ZFsEaVhF3zGX-DqGagXjpX0),MUG 16.jpg (https://v5.airtableusercontent.com/v3/u/55/55/1785355200000/8nJnWa5sec4yTy8zSBY_aQ/r9tndRN8Dt4azfGo0W9jeVB4I2tOYb__0QEYuBd42Re8sT2dRnmxRVMmEWE9kwp7S1xQ9_0XWMxtdYNAEPLpW04760KQX2YRCT9mimCDs3oScK81So3TcDCCjGDjvmTCuiGncmv2oY8tkT22mjJm1g/GSlhr1DPyM7_TB9a60lyE3KWM6vR796oTkH8AkemKow)",checked,,Website Ready,180.0,"Budget Gifting,Under ₹500",UV,Branding Possible,"Employee Joining Kits,Event Giveaways",Double Walled Insulated Coffee Mug,Elegant double-walled insulated mug designed to retain beverage temperature while offering a premium modern finish.,double-walled-insulated-mug,Double Walled Insulated Mug for Corporate Gifting,"Premium double-walled mug for office use, employee gifting, and executive hydration solutions.",Double walled insulated mug for office and travel use,MUG015,"""Coffee
  Mug""",Drinkware,Metal,,"budget-gifting, under-500",Jainex Corporate Gifts,,,, Utility
TBG-CMUG-46,"MUG 22.jpg (https://v5.airtableusercontent.com/v3/u/55/55/1785355200000/cTzBTDwI7KAEAqHi9Ntb9w/TeLYnxfXPpv8UazXRZYHWrrVeUG_kH7egE60OVkgm3jJGym1KzSFwFCqhtLIXQTDWrEF4rn85FW1P2__HCyg6hFjlVjk5vW9vNAfPW1ZXssgMY4yCTAEck6QJFbpuGK3bRptnn15ESgMIX9hiIJJnA/9Jh4I2w_MOVhtIZnM5EWYckyEy0B3XpBAMjsmHvLy54),MUG 23.jpg (https://v5.airtableusercontent.com/v3/u/55/55/1785355200000/DtVak5XoxwHYHWIDQzBQ0A/EF3RCWvmelCYKQ5tJIXtPpOzdJYqw5uqYoDyItaPBM767ZErsP-W0T2uN2qQeH8TG6odFykN1oy_ExCOTCp7G072raI3EPNEAN44mQHQ8i3u5SvAG4AhJltpZsHMO0d9dZdF7A3z3Nyt0K0h6WzR_A/tMBq4OZKSv0naPhFTkSljqb_w6e_zIOFE7QkiZX7whM)",checked,,Website Ready,240.0,"Budget Gifting,Under ₹500",UV,"Branding Possible,Sustainable","Employee Joining Kits,Event Giveaways",Ceramic Coffee Mug with Lid,"Stylish ceramic coffee mug with lid designed for office desks, meetings, and premium corporate gifting solutions.",ceramic-coffee-mug-with-lid,Ceramic Coffee Mug with Lid,"Elegant ceramic coffee mug with lid for office use, conferences, and employee gifting requirements.",Ceramic coffee mug with lid for office and gifting use,MUG022,"""Coffee
  Mug""",Drinkware,Ceramic,,"budget-gifting, under-500",Jainex Corporate Gifts,,,, Utility
TBG-CMUG-47,"MUG 26.jpg (https://v5.airtableusercontent.com/v3/u/55/55/1785355200000/VIVmL3z4CiOgpYELVJ3BAA/rozH2zb0U5zowb12WOtJOlHAWdKcoi_NNN4B7gNjxDniEsHv9amnV7i96CyZxoqnOJm-g0I0MO4ED9b2gJrR2mQW5tIcSKaCDeItavMRA3ByB35t6y5neNQFQPEXiGk7tSsWnBYqzPgXQOb2lBNl-Q/KOjg9yZZnNhB6Is1oUmcKxx1bhbctU_83gvf-eRzJl4),MUG 27.jpg (https://v5.airtableusercontent.com/v3/u/55/55/1785355200000/m_NMdrMyn7DogNB3HU6MMw/_7LCk6MW2uiMe4ZrdjDgvHeYDr7gCf-O77h-aMJn5GeuXlWGArTvqM4yVYj04kPcy5A07SeJcgcjQNv3yFQZe2E3LW7U-SCG6hndlx6GjJ6gIKkAMdW-HXWZ8tOCeErtm18G9cn_JpYe_LSqSEiJUg/1Du0CwVG1g2a1C-ILbcKeiCCLwPU20AESUOc4Aqleg8)",checked,,Website Ready,240.0,"Budget Gifting,Under ₹500",UV,Branding Possible,"Employee Joining Kits,Event Giveaways",Stainless Steel Coffee Mug,"Modern stainless steel coffee tumbler ideal for daily office use, travel, and premium corporate gifting campaigns.",stainless-steel-coffee-tumbler,Stainless Steel Coffee Tumbler,"Stylish coffee tumbler for office hydration, travel use, and executive gifting solutions.",Stainless steel coffee tumbler for travel and office use,MUG026,"""Coffee
  Mug""",Drinkware,Metal,,"budget-gifting, under-500",Jainex Corporate Gifts,,,, Utility
TBG-CMUG-48,MUG 28.jpg (https://v5.airtableusercontent.com/v3/u/55/55/1785355200000/LNfN9OHJi0Dgfh7GVtmWkA/8mDop_jMv8vH8eLB1FfCB6FeRpUvNR0oKOgxmmmWXeMNYW5dfoz4nFo1xXtUIcpNoubzjFphls_-LZjPneTQRsopQlxKDZhFVnZkMK21vuEIDy9G6WwvQeipg8nYfOXG0m4HZsBJNZgpCT8d_Cd0Zg/E-MMgNzr4IGSZrz6w_xJgm8H-uDO0gPJpD_nDO_uOf4),checked,,Website Ready,425.0,"Budget Gifting,Under ₹500",UV,Branding Possible,"Employee Joining Kits,Event Giveaways",Stanley Style Corporate Mug,"Trend-inspired insulated corporate mug with sturdy handle and premium finish, perfect for executive gifting and office use.",stanley-style-corporate-mug,Stanley Style Corporate Mug for Gifting,"Premium Stanley style insulated mug for executive gifting, office hydration, and branding opportunities.",Stanley style insulated corporate mug with handle,MUG028,"""Coffee
  Mug""",Drinkware,Metal,,"budget-gifting, under-500",Jainex Corporate Gifts,,,, Utility
TBG-CMUG-49,MUG 25.jpg (https://v5.airtableusercontent.com/v3/u/55/55/1785355200000/HLvhWlE4yFNGEMkMio-HEg/7M-9AFYv_5PZ1Nv0KThHp28O46O2RXHm58C29dm2x75MoEUAlp02D5sFCKJZ_Lfxj7YHwp2Y_hyWkJtwLU_UEEmCPK0WGNal6zkNJNiUa4PYZDnruFc0vgcDtoIdJTrsWuu2oHsBQ-SxCnUFia-mcw/079-B0--j0YxBi2gnGyKuIRhYQs6h8A6HZsoiUFFTuU),checked,,Website Ready,315.0,"Budget Gifting,Under ₹500",UV,"Branding Possible,Sustainable","Employee Joining Kits,Event Giveaways",Bamboo Finish Coffee Mug,"Eco-friendly bamboo finish coffee mug designed for sustainable corporate gifting, office use, and modern workspaces.",bamboo-finish-coffee-mug,Bamboo Finish Coffee Mug for Corporate Gifting,"Premium bamboo finish coffee mug for eco-friendly gifting, office desks, and branding campaigns.",Bamboo finish coffee mug for eco-friendly corporate gifting,MUG025,"""Coffee
  Mug""",Drinkware,Metal,,"budget-gifting, under-500",Jainex Corporate Gifts,,,, Utility
TBG-COMBO-51,"Sr 182.jpg (https://v5.airtableusercontent.com/v3/u/55/55/1785355200000/Top4rQPP6IHnjEDLTVQ8RQ/1NRyRZAz-d4NRJcvr32utjGXMChfwMKmtss4YMn3AqOqOh8w_4BKLjvjKJLWfzR6JFFFHmQ1plQpoadalR65TXKCsyG6-FEOLvlddTpjRNjmxpmwEp33KlozvzgqV2-eYMjc7XyqpJVKImWp7MXStw/_GyjJx5JasFhM1SwyuFwAM4CLzJynXdHgBX8KuKtkEc),Sr 183.jpg (https://v5.airtableusercontent.com/v3/u/55/55/1785355200000/q51fKAu0IagjAIR1jr9Vew/Xc58QiHvpy1wEyrylnBkmLyUuLe_iqf2ic3CORCBWUXuS3pQrVAVZq3EqlO34nXSX7coR-O795E2RW_K_zGo7ZYYHv298O8_DeiHcxlqCu1XDdjWTh9U6H5TO4i2i7Ef2PmpP96s0Qx7cxqtbhtiYQ/Wktlyr-zK1xlIsxE8sVQeMJF25101RtPDNsiBb_7_0o),Sr 184.jpg (https://v5.airtableusercontent.com/v3/u/55/55/1785355200000/-syR2FdF0kim9lcNNbHnIg/D6VLgU_m6cVwx0xUuGC9AzPsqf-7C7TA7muh_OjcmTMlE4QJmlP4hJLrdQePZYnxKZPfAcdZ_X1eXOv5Qz8-azyKmavX7G1rLesCd9HALiSW0CaU74gSezw0vBW6A-PRtN2JIYiiWqzDNcNokGh6wg/ohGVd8-RzbEAhdApXVaDJa1K-qwi3DCsWu6Q50OpubI)",checked,,Website Ready,480.0,Best Sellers,UV,Branding Possible,"Employee Joining Kits,Event Giveaways",Diary & Sipper Gift Hamper,"Stylish gifting combo featuring a premium diary paired with a reusable sipper bottle, suitable for employee welcome kits and corporate gifting campaigns.",diary-sipper-gift-hamper,Diary & Sipper Corporate Gift Combo,"Premium diary and sipper combo for employee gifting, office hampers, and promotional branding solutions.",Diary and reusable sipper bottle combo for corporate gifting,SR183,Combo,Combo,Paper,,best-sellers,Jainex Corporate Gifts,,,, Utility
TBG-COMBO-50,"Sr 138.jpg (https://v5.airtableusercontent.com/v3/u/55/55/1785355200000/8DF-j-Xq_G68OM6swHevpw/WTOZZCH0vcvofRZhTmH-Fg64l2vSJxHTo5YK5LBCseuWIGVDJVQFQjbpiMbyH9hV7A4PNsiVJjUhEs6sylrv5KU-YPuetri0kyUCR1vWvGZYuVZK2YQcA1sT3IgFUJ160ZjO0fivzGEY-9mihVZ0og/PPpg2LdKqn7bmAQcfjInWjFgka6B964zZ0j_SD49QiM),Sr 139.jpg (https://v5.airtableusercontent.com/v3/u/55/55/1785355200000/Uvkr93Tge7Puwlvfu7uh9g/sM3JdOogxcTAUOz-trtmcJ5P3eLs4TkpwhTiL7xedNd3ihVJlCGyf-mCWxEs4_R3VzTIOMHTTXb5P0oWi-FrFg9ggfHtmJXB2zOGEXqQpY09Ay9gC7zoIybYcqjqQIYXvUFiG9sBy0ddZu8O7xYpEQ/ljPpJy4fQ3sxRrMxVA8IaCqsi-uZsVZCLrS76QmbMws),Sr 140.jpg (https://v5.airtableusercontent.com/v3/u/55/55/1785355200000/XqS7f24A7t8Fiaa0QqPuYw/YdnoRSLAG6uz7_NA2MaICkIfZqcfbgDptd2Zwa_oE88NHUvo9OfkU_EL-JPF97Aif2g6Bzg9UBu9H2FnIIMdbNHZ3hKBx77DVmgvjLv1rCXzy_EXmd2HkL5hLoFkJX7BFA0S-7u5zzHvdemSIJPizA/O4S3wn_AlTJB8Wa7A5Qk_beKStRa_PlIPgsI2GTxRzA),Sr 141.jpg (https://v5.airtableusercontent.com/v3/u/55/55/1785355200000/YjQDVOXXGp5ppK1FAhZtWg/W51I9SSpNLmx6wVVx6jYLfjmZbMllvGHPmUf8CBQEUV5w5sysl708TOUwLpWJNeSsm8W-HFUDhzBSqnzKkSNKmPV0uHZKBYij6R8AgqAUpfJSBJZPottPpVz6IqaDKJc9ZJWKvGOUP9FGvikWITC9Q/uh8pN07ZB6mZ5dXqqnlJkVXbrgsSTxg1q0K-AzVaINU)",checked,,Website Ready,160.0,Best Sellers,UV,Branding Possible,"Employee Joining Kits,Event Giveaways",Elastic Diary & Pen Corporate Gift Set,"Premium diary and pen combo featuring an elastic closure diary paired with a matching pen, ideal for employee gifting, conferences, and executive stationery kits.",elastic-diary-pen-corporate-gift-set,Elastic Diary & Pen Corporate Gift Set,"Elegant diary and pen combo for corporate gifting, office stationery, conferences, and employee onboarding kits.",Elastic closure diary and pen combo for corporate gifting,SR138,Combo,Combo,Paper,,best-sellers,Jainex Corporate Gifts,,,, Utility
TBG-COMBO-53,Sr 259.jpg (https://v5.airtableusercontent.com/v3/u/55/55/1785355200000/Q-C2l1TyrMi1yJW-k9nMXg/kQY5svQaY1oEOBd423ga-OS7ZMP7gj3T9-GRKVh1v0w387-92Ug2WFGoofSnqzJpo8yrwsiPfGDRV7iTrqFdzhxAq9ssVm_cYdi9ZLyOIsUDRqChHVFfqpGGQkxHtjt76N9DJdG6s90mUqveUkDZyA/NDNUClmYKSusvsnOpmRfKdfCExRF94BxlDsGwgzEOsM),checked,,Website Ready,465.0,Best Sellers,"UV,Screen ","Branding Possible,Sustainable,Premium","Employee Joining Kits,Event Giveaways",Eco Bamboo Notebook & Glass Bottle Corporate Gift Set,"A sustainable corporate gift set featuring a bamboo notebook, bamboo pen, and glass bottle with a fabric sleeve. Ideal for eco-conscious employee gifting, onboarding kits, and premium business hampers.",bamboo-hydration-gift-set,Eco Bamboo Notebook & Bottle Gift Set for Corporate Gifting,"Shop premium eco-friendly corporate gift sets with bamboo notebook, bamboo pen, and reusable glass bottle. Perfect for employee onboarding and sustainable gifting.",Bamboo notebook and glass bottle eco-friendly corporate gift set with pen,SR259,Combo,Combo,Bamboo,,best-sellers,Jainex Corporate Gifts,,,, Utility
TBG-COMBO-52,"Sr 212.jpg (https://v5.airtableusercontent.com/v3/u/55/55/1785355200000/BW1d948pnynk5TpDiJMSBw/2fqxxmohqDvIYLGnj9wXACncBAcFV4DHMod4dfCTd00nbsBtrLVu_5q-4oNlID8u8kOWu0gx89bdnSXBRKEz0QWCwBDsLETUY1VFzBBlHd02KVe5ONgmL51bkpTz8Dy6FWTeNeZPL0QdeWmvejp2Uw/ZEWJAWfoASp5QlsyrCKqV0Z1uv2mLeVNRx1TxyEi9dQ),Sr 216.jpg (https://v5.airtableusercontent.com/v3/u/55/55/1785355200000/9wLSAFa5jLQjC2b1RYzCHA/Plo1LxT630vAdiYlAlgOStw5TilSchJ88uIrCRvd8rcxOyGp4YIeQlCoswP4JGOjNy3yluwMsxFu171wdUaRLBAdFf78jyVlFH-NJT5aqhcwc8BHLAxfMFbRWUMeKb6D5n-4Q9Iw5bIonrfLkcaW4g/1gj8EhQpHCSLefhLQLtoGcTswQRtT4Slkcds2kNEqwo)",checked,,Website Ready,575.0,Best Sellers,UV,"Branding Possible,Premium","Employee Joining Kits,Event Giveaways",Executive 5-In-1 Corporate Gift Set,"Luxury executive gift hamper featuring five premium office and utility essentials designed for client gifting, employee rewards, and leadership gifting.",executive-5-in-1-corporate-gift-set,Executive 5-In-1 Corporate Gift Set,"Premium executive 5-in-1 corporate gift hamper for employee appreciation, client gifting, and professional branding.",Executive 5-in-1 office essentials corporate gift hamper,SR216,Combo,Combo,,,best-sellers,Jainex Corporate Gifts,,,, Utility
TBG-COMBO-56,Sr 372.jpg (https://v5.airtableusercontent.com/v3/u/55/55/1785355200000/piiBoIJ_TbeC2R9vNQM8yA/bDEbu3OXq6o72w7zdQ0SR4IVsMSO4P3BbBS3gIqq-v0AiRRlp2KOau3lBf5-HgHcIWcYaUSqTgADJ8c6f0RzyDk5Ij1EP6wAU8yh3qQUpXFsPxf48ceZo2i-F6OtLu_nDmaWgd6b8Y_3IaHnaeHLiw/6gNSK9Vqz7jMqacN5PLQB73SRB9mmSDazgG4ShJ3whs),checked,,Website Ready,400.0,Best Sellers,"UV,Screen ","Branding Possible,Sustainable,Premium","Employee Joining Kits,Event Giveaways",Cork Notebook & Pen Sustainable Corporate Gift Set,"Elegant cork-themed office essentials set including notebook, pouch, pen, card holder, and keychain. Perfect for sustainable corporate gifting and employee welcome kits.",cork-office-essentials-set,Cork Notebook & Pen Sustainable Corporate Gift Hamper,"Premium cork office essentials gift set with notebook, pouch, pen, and accessories for eco-friendly corporate gifting solutions.",Cork notebook and pen sustainable office essentials corporate gift set,SR372,Combo,Combo,Cork,,best-sellers,Jainex Corporate Gifts,,,, Utility
TBG-COMBO-54,Sr 270.jpg (https://v5.airtableusercontent.com/v3/u/55/55/1785355200000/tak1qV7QYtXVT_TZ4duX4Q/HBW9eQ7q28w3JkQZpORclM67vPj3dos08DfAj2jkfHkMx7mQi0FPIMG6BR0jTd5lyeBix1PJCWK8yTMGKR9Wqfjc4WI1ODYVvAf4tLYctU-H3rx4oTN4xIwoXjPNJM02ozjr8GtRFbqD8AnIwQpzpg/dbqDy3egwvLPdyC-D-SRVNK1B0E2akdK33oqWGFvQXA),checked,,Website Ready,300.0,Best Sellers,"UV,Screen ","Branding Possible,Sustainable,Premium","Employee Joining Kits,Event Giveaways",Premium Cork Notebook & Bamboo Pen Gift Set,"Stylish cork-finish notebook paired with a bamboo pen in a premium presentation box. A minimal and sustainable gifting option for conferences, employees, and business events.",cork-executive-journal-set,Premium Cork Notebook & Bamboo Pen Corporate Gift Set,"Discover elegant cork notebook and bamboo pen gift sets for corporate gifting, conferences, and employee appreciation hampers.",Cork notebook and bamboo pen premium eco-friendly gift set,SR270,Combo,Combo,Cork,,best-sellers,Jainex Corporate Gifts,,,, Utility
TBG-COMBO-55,Sr 368.jpg (https://v5.airtableusercontent.com/v3/u/55/55/1785355200000/fg7I3QVDNif5uy6p1KHQCQ/jU0Uvh8D0Rz_kMv0eRK8zXAon2ze1G049APDYl0gvoJ-t3edXvvCy-M5PAMj6ZhCwdoFYKaKsrfB0zuBgI_ZdlpL9GK9B_0jG6eEaCzPhenoJ7aRPTfAua5pi5QOkH3ErFFf_V9wymVWu3wx7640MQ/JgNl7g_53RDJLjDCgyH9EsLyAlYsHLgN7SOlk0h70DE),checked,,Website Ready,1565.0,Best Sellers,"UV,Screen ","Branding Possible,Sustainable,Premium","Employee Joining Kits,Event Giveaways",Premium Cork Office Essentials Corporate Gift Set,"Sophisticated executive gifting hamper featuring a leather laptop bag, cork notebook, bottle, mug, keychain, and pen. Designed for premium employee and client gifting.",cork-leather-executive-kit,Premium Cork & Leather Executive Corporate Gift Set,"Explore elegant corporate hampers with leather laptop bag, cork accessories, bottle, mug, and notebook for premium executive gifting.","Executive corporate gift hamper with cork notebook, bottle, mug and leather bag",SR368,Combo,Combo,Cork,,best-sellers,Jainex Corporate Gifts,,,, Utility
TBG-COMBO-57,Sr 371.jpg (https://v5.airtableusercontent.com/v3/u/55/55/1785355200000/WNFCPZnGK91eIO8VcsXscg/qfbDjlD1EL96ScruZugg-BckTVU8iHZ9S7q6U_K48nm5OWlRQVM_mEPcmnDXs0ZCsIY3RmjS7qTb3daJo1VI9SPGYPkAanjFv6GtpaV7LqeqiVVFZpWsov1JRZ_-IM1i6wCduXNqzs8-8vmUKGVeaA/_KcOX1n_0GFOI5eeaejDgS0_PrR6kALjIQINTcPebWE),checked,,Website Ready,440.0,Premium Picks,"UV,Screen ","Branding Possible,Sustainable,Premium,Travel Friendly","Employee Joining Kits,Event Giveaways",Bamboo Notebook & Accessories Eco Gift Set,"Compact eco-friendly gift hamper featuring bamboo notebook, pouch, pen, USB drive, and card holder. A practical gifting option for employees, events, and branding campaigns.",bamboo-everyday-utility-kit,Bamboo Notebook & Accessories Eco-Friendly Gift Set,"Buy eco-friendly bamboo notebook gift sets with pouch, pen, USB drive, and accessories for sustainable corporate gifting.",Bamboo notebook and accessories eco-friendly corporate gift hamper,SR371,Combo,Combo,Bamboo,,premium-picks,Jainex Corporate Gifts,,,, Utility
TBG-COMBO-58,Sr 356.jpg (https://v5.airtableusercontent.com/v3/u/55/55/1785355200000/arQBsx3fRCO8xRPFLY2G9Q/wRmOgWPxxmS5YrE9_4ljuceoe9SRpdjIS0z7wdYNYIrYqVYWo_-tCKU3MDzcRu5tX0FQVs6g1c76z9BwfI5MNEu9YTM_fZGqkWcvP-lSl-YZpDDqy__CLyFbggTxAK5nLrMRT-_y3LBFkDEGusUUbQ/-5jfWFycWSTwjPsnnHbYFOvHYmWeRhgBse7puTR_7vU),checked,,Website Ready,1700.0,Premium Picks,"UV,Screen ","Branding Possible,Sustainable,Premium,Travel Friendly","Employee Joining Kits,Event Giveaways",Premium Bamboo Office & Travel Gift Hamper Set,"A luxury corporate hamper featuring a travel bag, bamboo bottle, mug, notebook, pen, keychain, and card holder. Perfect for executive gifting and premium client hampers.",bamboo-executive-travel-hamper,Premium Bamboo Executive Travel Gift Hamper for Corporate Gifting,"Luxury bamboo-themed office and travel gift hamper with bag, bottle, mug, notebook, and accessories for premium corporate gifting.","Bamboo executive travel hamper with bag, bottle, notebook and accessories",SR356,Combo,Combo,Bamboo,,premium-picks,Jainex Corporate Gifts,,,, Utility
TBG-COMBO-59,"Sr 125.jpg (https://v5.airtableusercontent.com/v3/u/55/55/1785355200000/dXctsXMvOHcPahlnmZT7rA/JwGR92qap44QQC6wNfiDEwh1Y6AJb-VDIVyviMQJPp4StpvxKmUDBUnd_J6pywh4GvHiUOTbveL-xNiNmJGLWbKkMvBICGQcL4Jsq3mcMG30DoLRsaBC2cTY5HWNMu7W4EV-Le8SETv9xYcrmVQ1bA/rnLZ5TDojL7CVnSbfHAOFl8mgL4PY4QmWJO-mMnfKHI),Sr 126.jpg (https://v5.airtableusercontent.com/v3/u/55/55/1785355200000/gjZOueWzU8LEpkSAgIW7Nw/m00IzAYWIyZaTt02VSBH9hHlOEdRCb5a6j6eTuCNxItMFQMtr0-A3g_mwg7Ucr0_8X9w5b5YVXGyHOCBQlI6UBSKcIfHxqF_md0JAQ7eC4q1MvjVroxSJQVkYe84HKsZp4NmbKwh0dl5_90752NcnQ/t-BHo1dzOt7MN4VSA9X-cFqQ_x54uo2O47r6RxSuZno),Sr 127.jpg (https://v5.airtableusercontent.com/v3/u/55/55/1785355200000/dOeaOcTgTusScfxo1gkQFw/N4yHvUEL-E2VixyvHT0oEJ72J5OfPQ3J-Uoo6oLtnGaUUh1AmODxdZSqVAmZWXh0a6QIp0ibmcoPAKBPZCltxMvHy2xaILXIs9f3fZ-3FbOTSyhEVLwIAC-JOEMeOnTZ4TPPjwmNY2Da1bfHdhltUA/ZITI8cVkr7MPbm-YHPjk-e4Xu9kPJQ2nHRlRuOdhDm4)",checked,,Website Ready,180.0,"Budget Gifting,Minimalist Gifts",UV,Minimalist,"Employee Joining Kits,Event Giveaways",The Essentials 3-in-1 Combo,"Three everyday essentials, one thoughtful gift. This combo brings together a curated set of practical pieces that work together seamlessly — ideal for desks, commutes, and daily routines alike.",3-in-1-combo,3-in-1 Essentials Combo — Curated Corporate Gift Set,"A versatile 3-in-1 corporate gift combo combining everyday essentials in one thoughtful package. Practical, functional, and perfect for bulk corporate gifting.",3-in-1 corporate gift combo set with essential items,SR125,Combo,Combo,,,"budget-gifting, minimalist-gifts",Jainex Corporate Gifts,,,,
TBG-COMBO-60,"Sr 111.jpg (https://v5.airtableusercontent.com/v3/u/55/55/1785355200000/jKuW_TtwaCVVI7u8xPrC3g/-Xe0p4WPl1EIAd_Umic_DG-nw3p6rTPGI2jXDxtUoSA_6seru_6UUYOWAdigzN66WWbSWmTTJQyifTfQXeObAxqdyphbhWUrNnYcuYPtkOgqykqRkJeFPQsuN0iCKmIG1jauYObIWsgw7XABHLEpLg/CxEloDGE6Anp41_6Oqt_VN_FScL8eKxDMvmJ3lxJyyI),Sr 112.jpg (https://v5.airtableusercontent.com/v3/u/55/55/1785355200000/KF3s5sisfMXAALBuukSouA/mw2F43Z2z1nddhUEwHgiKnzsygIuaHQSVsDtd6iP5AukLV9T9EPEY87-ltr9X0o5mT7af2s3HpkVciDOUnlg-1REh6xcUysWwZygZ6o-13nDkO2kwQ_X-SbCPUBrO1CvlLR2knduvHCecMaxKvkCeg/CLrTHgth0MZodtcA6OaGSn1rSiOwUOECZ3b56_5kLrQ)",checked,,Website Ready,125.0,"Budget Gifting,Minimalist Gifts",UV,Minimalist,"Employee Joining Kits,Event Giveaways",Pen & Card Holder Gift Combo,A polished pairing for the professional on the go. This set brings together a smooth-writing pen and a sleek card holder — two desk essentials that travel well and gift even better.,pen-and-card-holder-combo,Pen and Card Holder Combo — Professional Corporate Gift Set,"A premium pen and card holder combo designed for professionals. A practical, ready-to-gift corporate stationery set that pairs everyday function with executive style.",Pen and card holder combo set for corporate gifting,SR111,Combo,Combo,,,"budget-gifting, minimalist-gifts",Jainex Corporate Gifts,,,,
TBG-COMBO-61,Sr 187.jpg (https://v5.airtableusercontent.com/v3/u/55/55/1785355200000/B6R7wzEA-f3S8tmOI-MaxQ/9N6dOUXmfzOZ0iN9fUuT5PWJyGryrokJSQ6JmllQGcn8lELPx-shzHVhugJvM7epkXP-3o3u0S5Ec3l3RGoBpC4uwLMHMHiit99HkWyhBQbLeJwW7UdR6qPBMRo0AEZYKDcjx5x9nUiLQ3ttwF53Hg/IWB6WvD4r0o1P4sbXUM17vo_tpwQUoIjxO72RTmWFrA),checked,,Website Ready,1255.0,Premium Picks,UV,Premium,"Employee Joining Kits,Event Giveaways",Everyday Tech Combo,"Power through the day without missing a beat. This tech combo bundles together must-have gadgets that keep you charged, connected, and ready for whatever the day throws at you.",tech-combo,Everyday Tech Combo — Practical Corporate Gadget Gift Set,"A practical tech combo bundling everyday gadgets into one corporate gift set. A smart, modern choice for teams, clients, and tech-forward professionals.",Tech gadget combo set for corporate gifting,SR187,Combo,Combo,,,premium-picks,Jainex Corporate Gifts,,,,
TBG-COMBO-62,Sr 354.jpg (https://v5.airtableusercontent.com/v3/u/55/55/1785355200000/LYUi2Q93dmbRvrigtoXQug/Qzg-raXnuq1j8d155DU_pc98suoxe654uVjG0gByM6n80hfwEjcoTWezBU0VDteoJlC_u2-_mi_1P1e38J_1YUBiRaR-cWgArdF5UcU1JkciD8QBU4yONa8V89jpkB_na44YXZQ5CF6NyXAo-ApUIw/FBMq7HVAFXFckNifd2Pyo_2eJmgS_HrEJfrbY_NDkSk),checked,,Website Ready,600.0,Best Sellers,"Laser,UV",Travel Friendly,"Employee Joining Kits,Event Giveaways",On The Move Combo,"Built for life in motion. This combo brings together travel-friendly essentials designed for the professional who's always headed somewhere — light to carry, easy to use, and ready for anything",on-the-move-combo,On The Move Combo — Travel-Ready Corporate Gift Set,"A travel-friendly corporate gift combo designed for professionals on the move. A practical, lightweight set ideal for frequent travelers and active lifestyles.",Travel-friendly on the move combo gift set,SR354,Combo,Combo,Metal,,best-sellers,Jainex Corporate Gifts,,,,
TBG-HAM-73,Loban Burner-Diwali Gift.png (https://v5.airtableusercontent.com/v3/u/55/55/1785355200000/rt7-CPq0whBn-TsGExhK0A/c07G7MOpcfeFXJ9aDjDcUQTcijtTCWzyH7-5HTxNgnh9TEq9YG1URiTrHJYeRxUKxWltxYCi4r59-2jDSZT0qhcIb6A89NVqIQQ1P8-8_bys1Aa291RNckkokSNnuDhzbV3hNeluiS9wHqWydYT9vU5YTEYT3eH0ve_ps3gt7IEO6xUrNeor44RixQRHNH9F/-mhHuiotFjVcEYLQA8xuI22D0hXE2vaVPos65saBBc0),checked,,Website Ready,,"New Arrivals,Trending Products",External Branding,Minimalist,Festive Gifting,The Heritage Box — Artisan Festive Hamper,"Steeped in tradition, crafted for today. This richly designed festive hamper features a hand-finished diya in antique gold, presented in a deep red box adorned with intricate Mughal-inspired print. A gift that carries culture, artistry, and intent — for clients and occasions that deserve something truly special.",heritage-artisan-festive-hamper,Heritage Artisan Festive Hamper — Premium Indian Corporate Gift Box,"A premium festive corporate hamper featuring a brass diya and artisan gifts in a Mughal-print gift box. A culturally rich, elegant corporate gifting choice for Diwali and special occasions.",Premium heritage festive hamper with brass diya in decorative Mughal print red gift box,,Combo,Combo,,,"new-arrivals, trending-products",Jainex Corporate Gifts,,,,
TBG-HAM-74,Gemini_Generated_Image_6tj4v76tj4v76tj4.png (https://v5.airtableusercontent.com/v3/u/55/55/1785355200000/uja6HWH14JW-nKgw-a_HXA/XKY2bT8XqkCjiu_Xx36I2ah7gfVEFDZTIjaw_GJlPRFwzMAmdrfPAKB6TarhkrwA6w1trStPh5Vog_KYiWNc_FJK0N09kxwOisqoM4tnGHEXELd1igWTYaBiVfrWHtnJK5Hc9iavompijDUejkGJYB80MftrfcSQ3ekxlQe3uDgHfgD18PHrX51NcTPl3Fh20EWopfyMr8ED-Zn9gg0H_Q/Z7BmjOd8uZzgmkeaB69ESyW-LZeAkIHGLmkCQGShTBU),checked,,Website Ready,,"New Arrivals,Trending Products",External Branding,Minimalist,Festive Gifting,The Festive Ritual — Traditional Diwali Hamper,"Some gifts feel ceremonial. This one is. A curated Diwali hamper featuring traditional diyas, incense, and festive sweets in a vibrant hand-illustrated gift box that captures the spirit of the season. Gifting that honours the occasion without losing the personal touch.",traditional-diwali-festive-hamper,Traditional Diwali Corporate Hamper — Festive Gifting Box with Diyas and Sweets,"A vibrant traditional Diwali corporate hamper with diyas, incense and festive sweets in a hand-illustrated gift box. Perfect for festive corporate gifting that feels personal and celebratory.",Traditional Diwali festive hamper with diyas and sweets in illustrated gift box,,Combo,Combo,,,"new-arrivals, trending-products",Jainex Corporate Gifts,,,,
TBG-HAM-76,Gemini_Generated_Image_6eurqm6eurqm6eur.png (https://v5.airtableusercontent.com/v3/u/55/55/1785355200000/c2kVqr3E9kkeYl_H-Csasw/x5mfn-2s_cV3taHzJaTmXSF54xdBu-IHgA8QIjkcsHiN5lx8GvyBmy2j5KQUeg3VViK6BNJzKqEZHecjoSPjzq8l6jz5DcF3WyZGVRVdRJvC9TCma-_UsWJeHduYBHAOihHeDB_eoO7gLT3WMcRyYGyQCUPN_fbaQZwFdM4ltOKnY_dxAx9qlR8gGKdPgfT2iKGvKdPzAenS4xwdJT_ORw/duiQXJvK5suKP9ZilVw1TdTqh_HTAU7LFocwwiVHpeo),checked,,Website Ready,,Best Sellers,UV,Minimalist,"Employee Joining Kits,Event Giveaways","Sip & Savour — simple, accurate, pleasant","Understated, refined, and built for the discerning recipient. This sleek corporate hamper pairs a branded ceramic tumbler with gourmet nibbles in a matte black luxury box — a gift that feels as good in the hand as it looks on the desk.",premium-drinkware-snack-hamper,Premium Drinkware Corporate Hamper — Luxury Black Gift Box with Tumbler and Snacks,A premium corporate hamper featuring a branded ceramic tumbler and gourmet snacks in a matte black luxury gift box. An elegant gifting choice for high-value clients and special occasions.,Premium corporate hamper with ceramic tumbler and snacks in matte black luxury gift box,,Combo,Combo,,,best-sellers,Jainex Corporate Gifts,,,,
TBG-HAM-75,Gemini_Generated_Image_6j7nvw6j7nvw6j7n.png (https://v5.airtableusercontent.com/v3/u/55/55/1785355200000/5kzdg7caNMqZOkv--EfohA/202TLarEAVK_WXj4JSkn0RGfPnkWuIC3Qjb-iujnmV60H1-mcYj937VTqRwuKfRQPXbQI-tgXRPBoyOEtN1tBTnT0RBtnv2szBlo1AMeFeeYBlJnT5L_X4aAiZBb13oQrdTOWy9lYkuFRBbwg6QPOY9kbnuKtL4IS3qC1PLXWN9H46o_649Lu02gAbvbMbeYeyhvTF68a9yAKcX7HvFVuw/jaFg7LfnIvRsSKeTo2RmisBw3uR11MgobEv1RzAgFMA),checked,,Website Ready,,"New Arrivals,Budget Gifting",External Branding,Minimalist,Festive Gifting,The Calm Corner — Wellness & Candle Hamper,"For the moments between meetings. This thoughtfully curated wellness hamper features a premium pillar candle, a decorative lantern, and artisan nibbles — all nested in shredded paper fill inside a clean red gift box. A gift that tells the recipient to slow down, breathe, and enjoy the moment.",wellness-candle-corporate-hamper,Wellness Candle Corporate Hamper — Premium Self Care Gift Box,"A premium wellness corporate hamper featuring a pillar candle, decorative lantern and artisan nibbles in a red gift box. Ideal for client appreciation, employee wellbeing, and festive gifting.",Wellness corporate hamper with candle and lantern in red gift box with shredded paper fill,,Combo,Combo,,,"new-arrivals, budget-gifting",Jainex Corporate Gifts,,,,
TBG-HAM-77,Brass Glass set-Diwali Gift.png (https://v5.airtableusercontent.com/v3/u/55/55/1785355200000/1Tsf7wmB2iz59iQLWiu_6A/6_oR56Yo5iElxD8oGe1wHVEameNVl92gUVIDrio94bws1IHw1zaRBcEMB5V2yZogxjF6ujbqwEoMey9pDjdILrSYTyQVJZfeuPHa4X8oqolpRUsWyrjAG4quWuTAyeFoRC_knNe0XxL6JeyERHPX_-yNQ5Oosv-skz3V9LqoLsO8bV-J-8xlgDPsBmNQYC4g/v8UxmHTw0kh26RiQtSqgACkFIctk4VjDG9GqN3YxhiQ),checked,,Website Ready,,"New Arrivals,Budget Gifting",External Branding,,Festive Gifting,Light & Indulge — captures both the diya and the chocolates,"Warm, welcoming, and quietly luxurious. This festive hamper brings together a pair of sleek black tumblers and a decorative candle holder, presented in a rich red box. A gift that sets the mood for celebration and makes the recipient feel genuinely appreciated.",drinkware-festive-candle-hamper,Festive Drinkware and Candle Corporate Hamper — Premium Red Gift Box Set,"A festive corporate hamper featuring black tumblers and a decorative candle holder in a premium red gift box. A warm, celebratory gift ideal for Diwali, year-end, and client appreciation.",Festive corporate hamper with black tumblers and candle holder in red gift box,,Combo,Combo,,,"new-arrivals, budget-gifting",Jainex Corporate Gifts,,,,
TBG-HAM-78,CC Hamper - Coffee Combo.png (https://v5.airtableusercontent.com/v3/u/55/55/1785355200000/J71SLm0stx-5woOUeFECjg/jQuPeMaCw7y5uoPeTyD4jA-z_QFq0OOSt2CWlGum1VFmfzNWBvUTsF2t0b_1DG92-lsMfcvz9g-UhMUIMiL6jGsLnPlABb97ebtGJuRBRW_E5zsEcnnERc-IS_RHRhpsdYxdV2KYGTDy8SnzOuGF9gSkcY1ue7bkqbfFtFpdcRQ/ZkM1i1kJvHISmeKOEELcFvnz0IwvsNq0UoLAdKuk_ro),checked,,Website Ready,,New Arrivals,"External Branding,Engarving",Contemporary,Festive Gifting,CC Hamper: The Coffee Combo — Premium Coffee & Drinkware Hamper,"For the client who has everything. This premium corporate hamper features a gold-finish thermos, a jar of Nescafe Gold, and a personalised thank-you card — all presented in a deep navy branded gift box with gold foiling. A gift that signals appreciation without saying a word.",premium-coffee-drinkware-corporate-hamper,Premium Coffee and Drinkware Corporate Hamper — Gold Finish Gift Box,"A luxury corporate hamper featuring a gold-finish thermos, Nescafe Gold coffee and a personalised thank-you card in a branded navy gift box. Premium gifting for high-value clients and top performers.",Premium coffee and drinkware corporate hamper with gold thermos and Nescafe Gold in navy branded gift box,,Combo,Combo,,,new-arrivals,,,,,
TBG-HAM-79,BCC Hamper (2).png (https://v5.airtableusercontent.com/v3/u/55/55/1785355200000/524D0je-39f6OZrFKmk4ww/H48KWF4rO6GddbnuQy9a7FtzOXMmsZ4-GDLQciyS8HWkKbshugDHxyklpFgcDEY7rneZZdMsZI6nvXeFhTp-chu98howxXPIpQFbGsAryExyoj69YkewUXKXpcKXKVNA8i74Ngl974RDWSdTOn4ZjkJmEK8WakTcEeNEpkLbH6o/SNIli8-Bu1CxML39zNeN5llKInBu4JTz9xwvdcKQPXM),checked,,Website Ready,,"New Arrivals,Premium Picks","External Branding,Engarving",,Festive Gifting,The Brass Note — Festive Traditional Hamper,"Rooted in tradition, polished for the modern gifting moment. This festive hamper features an elegant brass cocktail shaker and accessories, nestled on a vivid bandhani fabric base inside a richly illustrated gift box. A bold, cultural gift that stands apart from the ordinary.",brass-traditional-festive-hamper,Brass Festive Corporate Hamper — Traditional Indian Gift Set with Bandhani,"A festive corporate hamper featuring a brass cocktail shaker and accessories on bandhani fabric in an illustrated gift box. A culturally rich, premium gifting choice for festive occasions and milestone moments.",Traditional festive corporate hamper with brass cocktail shaker on bandhani fabric in illustrated gift box,,Combo,Combo,,,"new-arrivals, premium-picks",,,,,
TBG-HAM-80,"Assortment Box-Diwali Gift.png (https://v5.airtableusercontent.com/v3/u/55/55/1785355200000/kpDrR-UxLAsuNMcBmt-Y1w/VzX-tTyiHfYmZJE_BzkeElx1xjjiHLt7p6Z4jzz-ne18VqIcmsjNPxoD2-mqBhI95wIR2zYn7DlPGA3qjQ6S-snwOb5QXO_uRa5wGuCQ9EOiGBS8FA3VejvfQFPWN66nlSgHxgxZSfIRyIx0Sjd214PMRMXg8fC4rhA6zKlU58WPSvnBXmfN5NqxBrGIgLjR/U1wmoFhs-L74h0rElOLNMXueD0tA1hXC3-Y6y3bacXc),Gemini_Generated_Image_sx0cy0sx0cy0sx0c.png (https://v5.airtableusercontent.com/v3/u/55/55/1785355200000/EeuThGGxTP9tA7Lnp_H88Q/fTSPfGnv9Kvb6mkSbG_4KXbKCjGuB7F1nzCIhzAXvKeE7AAIltRhTEZf5T-GKzRnmRbNcYW-KpuDcyK6z7cb0ABMHvuNPc_CwSQbjabmzcvqcmucxw23VRmFglJMjqdHiSyBt3svaVcUS7qcijI0Z_7T4DiszoXCuIs8rmQwXggBdDEowwCpWnECDy4UPOoqQiCdvZ9fPBNzsF45J-d8jg/qRUb-Glay-7aA3RqLbSRmsIspu-0MT94mQ3USg98Xpg)",checked,,Website Ready,,"Best Sellers,New Arrivals",External Branding,,Festive Gifting,FYI Hamper: For Your Indulgence — Diwali Chocolate & Mithai Hamper,"Because some celebrations call for something sweet. This festive Diwali hamper combines artisan chocolates, traditional mithais, and decorative diyas in a rich emerald green gift box with gold detailing — a gift that looks as indulgent as it tastes.",diwali-chocolate-mithai-hamper,Diwali Chocolate and Mithai Corporate Hamper — Emerald Green Festive Gift Box,"A festive Diwali corporate hamper featuring artisan chocolates, traditional mithais and decorative diyas in an emerald green gift box with gold detailing. A celebratory gifting choice for Diwali and festive occasions.",Diwali corporate hamper with artisan chocolates and mithais in emerald green gift box with gold detailing,,Combo,Combo,,,"best-sellers, new-arrivals",,,,,
TBG-HAM-81,Bottle Hamper.png (https://v5.airtableusercontent.com/v3/u/55/55/1785355200000/p56By_xDFtgrNLR3FEp9jw/uXM_g5sI9sLiciwL0ecWnkyN2Ta8E8kOnN_qwJZ6qlyZ292GSDDgUlSdh8ky5RtInajHVGnnnKcaY2cl4E0TlhJ7uTwkPD6bc6sES2bsiE4CMnFodZNL15wGVWqMac2L-JSXxD47V277ALHQWc5ZxKV-RP41CsEbZQtB9Dm-bVE/VWPggTjThjAuVyy8o1LaS1wOpNEfgy82Vr-e10dHqxQ),checked,,Website Ready,,Best Sellers,External Branding,,Festive Gifting,The Sweet Journey — Mithai & Bottle Hamper,"Travel-ready and celebration-worthy. This elegant hamper pairs a hexagon-print insulated bottle with a curated box of traditional mithais, all nestled in warm shredded fill inside a premium gift box. A thoughtful combination of function and festivity.",mithai-bottle-festive-hamper,Mithai and Bottle Corporate Hamper — Festive Indian Sweet Gift Set,A premium corporate hamper featuring a hexagon-print insulated bottle and traditional mithais in a festive gift box. A thoughtful blend of function and festivity ideal for Diwali and celebratory gifting.,Festive corporate hamper with hexagon print insulated bottle and traditional mithais in gift box,,Combo,Combo,,,best-sellers,,,,,
TBG-HAM-82,"BCC Hamper.png (https://v5.airtableusercontent.com/v3/u/55/55/1785355200000/ropuepGYO0ZiRV2Du3y9AQ/UxjnujOokEYZ6nK9MaqeSChma9Hpy4hnF9BOIy7w03kftBz6pC_wNbQlF7AFB1QR5Mfcn-ProLUyer3zc5jRTr1AoOSD8Q_p-4010IoUiP0V_bZSU_8qJ1-32gwhS2QPO0eJollfvR6FknXpBDZ9_dbAJQGk0ePnaWpw5MPvjjQ/poQ4yEq8p3oCSl6IT1QbJEeek9XjC6sPKF6zCiJa1DM),BCC Hamper 2.png (https://v5.airtableusercontent.com/v3/u/55/55/1785355200000/HfIaTxhfF2LNqTkeWh_WXA/NsVeMb0wv2Q45Wcr86vgMyqEJbPGCX6N3uU9kCj0CySZzApHpcFJUGZ-z78ALTrBcH2Rx3ooK-SB35FmepRRmnyVJUFi5KnMWMyraZq8hi18w7PmdKHau0ICoIM-1Kl_42znH9RvbEHdIto6sroypmi2iPkA7AILDv_HKb0SiDQ/Zgzt21auJ8bYXHMu9KF1dbWnj6qZEhLOJxL1oCXRVsk)",checked,,Website Ready,,"Budget Gifting,Minimalist Gifts",External Branding,,Festive Gifting,The BCC Hamper: Brewed Moment — Brass and Coffee Combo,"For the ones who run on coffee and good intentions. This curated hamper brings together artisan coffee, a gold-finish ceramic cup, scented candles, and a branded card — all presented in a kraft gift box with custom compartments. A warm, personal gift that works for any occasion.",coffee-wellness-corporate-hamper,Coffee and Wellness Corporate Hamper — Kraft Gift Box with Artisan Coffee and Candles,"A curated corporate wellness hamper featuring artisan coffee, a gold ceramic cup and scented candles in a custom kraft gift box. A warm, personal gifting choice for client appreciation, employee rewards and festive occasions.",Coffee and wellness corporate hamper with artisan coffee gold ceramic cup and candles in kraft gift box,,Combo,Combo,,,"budget-gifting, minimalist-gifts",,,,,
TBG-HAM-83,"Diwali Gift-Under 500.png (https://v5.airtableusercontent.com/v3/u/55/55/1785355200000/AlOWgpum8f7nt7TPmi3xZQ/-5M9k1qdLNnQPGF_E1VZ86V_ZihmcTsmnCPNnS7Cr9a67H1RNGRWiNI0UCXRxNmsXpJLHuwiHuam2GmsoUvDBa4pbmAe6FfQRMG92WE8h1tCpfkORNkQidpj1it_QWsK6SHj-Os9Q5VA16nDubTmdRNVjRJR4hSHwNawUMKta-Y/xR9DkckNefwFjkcMwACkwzBG9PhSfPU2oEn_LaJDOG8),Diwali Gift-Under500.png (https://v5.airtableusercontent.com/v3/u/55/55/1785355200000/NpQZFDOF-KuBx73FdRYjWg/mjjqWyfRHLTnNl1x0x-QxKs7ddqQOH_F5O1VMbPLmLzyMK0tNc9hbe_tqiZGxJd77UOM1dEc6HBj3YA6Xy32Jf573ay41BWbbgUo1zBnEAhDhl5Y5ydOdglXlGHYntdpT8WVAyLWsIaQPWKv8cXXT8FoAaxN33q7844N5PwsSGw/Lau5YxwtOqvQkqUW7bdLhCnE1GQEtcBOCV8PSAp0jtE)",checked,,Website Ready,,"Budget Gifting,Minimalist Gifts",External Branding,Minimalist,Festive Gifting,The Lotus Diya — Premium Branded Diwali Hamper,"Elegant, intentional, and unmistakably festive. This premium Diwali hamper centres around a handcrafted lotus diya in ivory and gold, nestled on satin inside a deep navy branded gift box with a personalised Diwali message card on the lid. A gift that speaks before it's even opened.",premium-branded-lotus-diya-diwali-hamper,Premium Branded Lotus Diya Diwali Hamper — Corporate Festive Gift Box,"A premium branded Diwali corporate hamper featuring a handcrafted lotus diya on satin in a navy gift box with personalised message card. An elegant, memorable festive gifting choice for valued clients and partners.",Premium branded Diwali corporate hamper with lotus diya on satin in navy gift box with personalised message card,,Combo,Combo,,,"budget-gifting, minimalist-gifts",,,,,
TBG-HAM-84,Decorative Bowl-Diiwali Gift.png (https://v5.airtableusercontent.com/v3/u/55/55/1785355200000/aQynJOT3rnWmhlufS5jbqg/yIRyR3XfMc-liCVfOoINZnJGvGC166H8qGKj4tvAZb21PRBDGw_8SuMPprMti_5zrsM-8Gm-XqIGimYnEdeyIRSL0eWCs28lzhDWm5dhK3MRGEvWtJzrPzfwd7huU97wv0-l9hRiILKJr2x_g51zT2bwS_SCZI5ShAkaV0qKX_mS3WaZHwVWXI1Zdsz3HQ3s/Kgoxik6KPoqVH88ZUenpv9euOsCgeCODWMEpUJIwrwU),checked,,Website Ready,,Premium Picks,External Branding,Contemporary,Festive Gifting,"The Peacock Bowl — simple, descriptive, memorable",Old world charm meets modern indulgence. This beautifully crafted wooden tray hamper features a brass diya alongside an assortment of artisan chocolates and truffles — presented in a rich engraved wooden box that feels as special as what's inside. A festive gift that lingers long after the last chocolate is gone.,festive-diwali-chocolate-wooden-tray-hamper,Festive Diwali Chocolate Hamper — Artisan Truffle Gift Box in Wooden Tray,"A premium Diwali corporate hamper featuring artisan chocolates and truffles with a brass diya in an engraved wooden tray. A rich, celebratory gifting choice for Diwali and festive occasions.",Festive Diwali corporate hamper with artisan chocolates truffles and brass diya in engraved wooden tray,,Combo,Combo,,,premium-picks,,,,,
TBG-HAM-85,FYI Hamper.png (https://v5.airtableusercontent.com/v3/u/55/55/1785355200000/y6U9eRlpztxS_bsOPfsh1Q/gaQ0w7V0EuHSPM8L5v7CxpZOw4uGGzoLIMt0oPI8DFtjpFv5gbB1AXYSpm5ugAsMRO4upqCpcBE-dQkHwl-QbB83IadqazU_Jyh28wz8zu6FUXNHeLvHtUfFxc47K9lhnfjOHY_UaOPiMKDTP_BQDLMO2R6kvwYJjwmB9jougi8/-XWFE2JIeIDFk1psUuG01IMo22RQ9itz2VGvXpjT8YI),checked,,Website Ready,,Premium Picks,External Branding,Modern,"Client Appreciation Gifts,Festive Gifting",The Rest & Restore — Wellness Basket Hamper,"Because your best people deserve more than a gift — they deserve a moment to themselves. This curated wellness basket brings together a lavender candle, essential oil roll-on, a soothing eye pad, and a ceramic mug in a woven wicker basket tied with a ribbon. A warm, personal gift for anyone who needs a reminder to slow down.",wellness-rest-restore-basket-hamper,Rest and Restore Wellness Basket Hamper — Self Care Corporate Gift Set,"A curated wellness corporate hamper featuring a lavender candle, essential oil roll-on, soothing eye pad and ceramic mug in a woven wicker basket. A thoughtful self-care gift for employee wellbeing and client appreciation.",Wellness corporate hamper with lavender candle essential oil eye pad and mug in woven wicker basket,,Combo,Combo,,,premium-picks,,,,,
TBG-HAM-87,Votive Holder-Diwali Gift.png (https://v5.airtableusercontent.com/v3/u/55/55/1785355200000/Z_VINJ0LEMqShWhit1RBcQ/R7CXrUFKlbkdz32DvpkrvOid-tD47HfVsOWufbl-JrtZ86ch1d1JLf7u8aYPviSGDiyWYO_9WGGVkf2D0bAwyS6Pz4aY5ibZ6SyAvO0GMub_ALIXjw2qWnpFGdbTlfeQzGERwXjnvhwxV9wLudIvhKPLvZdAjEVJvW21xSUhMM2QPIWyn05Ttb3IzQorPdpH/9EpmES4OVxdeENj--dtCZd1MeNWVdUs5wheQJmDMlEI),checked,,Website Ready,,Premium Picks,External Branding,Contemporary,Festive Gifting,The Silver Bell — Premium Branded Diwali Hamper,"Refined, ceremonial, and built to impress. This premium Diwali hamper features a hand-finished silver bell and decorative bowl on ivory satin, inside a gold and white branded gift box with a personalised Diwali message card. A gift that carries the weight of the occasion with quiet dignity.",premium-silver-bell-diwali-hamper,Premium Silver Bell Branded Diwali Hamper — Luxury Corporate Festive Gift Box,"A luxury branded Diwali corporate hamper featuring a silver bell and decorative bowl on ivory satin in a gold gift box with personalised message card. A refined, ceremonial festive gifting choice for high-value clients and partners.",Luxury branded Diwali hamper with silver bell and decorative bowl on ivory satin in gold gift box,,Combo,Combo,,,premium-picks,,,,,
TBG-HAM-86,"BAU Hamper.png (https://v5.airtableusercontent.com/v3/u/55/55/1785355200000/aO7HozYNd9r-biMTFZbEVg/fox5NHcPyYRyJLU36heYYc0eQ6gP6_Diy-DxC9QfjlMyKKi2QDJbXF4lWAl-hWiaVSOHVg9FJgAQMLO7gEHDruDDmojWU0wUidL2nreHrxHcnkmhHL53gntj_6tqmICPT81i96EC3PS9H9mOIKiF60VW8fsMNEeO7bt7qG9W5TM/X5w-OV__CE_lfpvHpKNIe68HL5fsgjYNGp3cXEwB7rk),BAU-Brew-And-Unwind.png (https://v5.airtableusercontent.com/v3/u/55/55/1785355200000/-bjep4mOURttWr4TpFoAsQ/6gitz_zPzbuVWKLhOmdPaaN3GgamHq8w6OSt76iJfv-Quju2zWIyZF-kwehfLjc7nJ6ByHKavXVkzVsqB_fPY94HvZAeMS-V0Sm6f5_m1HeKADzme1PrWktFmK7DaceFPo9J-ebyWNHMRjvV_Yy3MivXb_0EW-V8uaUT0VHAXIo/kFsJNxqMDqrAAjXcToljjQbFnmF_DKXPXphZm4Xrqvw)",checked,checked,Website Ready,,New Arrivals,"External Branding,Engarving",Contemporary,Festive Gifting,"BAU Hamper: Business as Usual — Coffee, Book & Mug Hamper","For the one who reads, reflects, and runs on good coffee. This thoughtfully curated hamper pairs a brass manual coffee grinder with a copy of The Book of Joy and a sleek black mug — all presented in a premium navy branded box. A gift for the professional who appreciates the finer, quieter things.",coffee-book-mug-corporate-hamper,Coffee Book and Mug Corporate Hamper — Premium Branded Gift Box,"A premium corporate hamper featuring a brass coffee grinder, The Book of Joy and a black mug in a branded navy gift box. A thoughtful, personal gifting choice for clients and employees who appreciate quality and calm.",Corporate hamper with brass coffee grinder book of joy and black mug in branded navy gift box,,Combo,Combo,,,new-arrivals,,,,,
TBG-HAM-88,"PFA Hamper.png (https://v5.airtableusercontent.com/v3/u/55/55/1785355200000/Ong3kDIq4haYFHQQY7eqHA/5p7H3I12em712hfMwAXjZPY6SnrEhfzpgQ3x6BcuzEWwp2B-IFkgrnskyS4ebx_eSer0h3bMFXLDFcevNNx-Ds41duerEMa2PCKMpkeUSXzNOvj9_wgyurZ4TiOU-QV03G_Zf6Os9ICvtCA2cylQOukoa5Yx1kIBNRSYcezIunA/YS-0igYt0nhu6oKq4-19H2xBALXeWyZo5jzx4ocMMHM),PFA-Premium-Festive-Assortment.png (https://v5.airtableusercontent.com/v3/u/55/55/1785355200000/gzLB-fIOtudnVVG1bi2PDA/EuY0cNgNJZSefj9mq68v565_NHrrmZHQE5caAxAchQVrcd9gh3-XPUYP1cMSjM2gu9PdNSIF4zRmmlDFjvwi9zVRjaJlQZ10ssCW9vCbbbxOEkowddJfuAAFIrjrcnm823q3CXcg7S5mMtG6enzpnCS5xtFJThx5kJAZx8xVjHP4Y98p1gGAU1XQnUP-kVa-/e05d2JWRamNOVA_JiYA4T2XVUnuBW8K6g5tq78ED4uk)",checked,checked,Website Ready,,"Premium Picks,Best Sellers",External Branding,Premium,Festive Gifting,"PFA Hamper: Premium Festive Assortment — Tea, Candle & Chocolate Luxury Hamper","A gift for all the senses. This luxurious hamper brings together premium loose-leaf teas, artisan chocolates, scented candles, and a branded incense stick — presented in a stunning floral-print gift box with a custom insert tray. For the client who deserves a truly curated gifting experience.",tea-candle-chocolate-luxury-hamper,Luxury Tea Candle and Chocolate Corporate Hamper — Curated Floral Gift Box,"A luxury corporate hamper featuring premium teas, artisan chocolates, scented candles and branded incense in a floral gift box with custom insert tray. A multi-sensory gifting experience ideal for premium client appreciation and festive occasions.",Luxury corporate hamper with premium tea artisan chocolates candles and incense in floral gift box with insert tray,,Combo,Combo,,,"premium-picks, best-sellers",,,,,
TBG-HAM-89,"Essential Joining Kit 1.png (https://v5.airtableusercontent.com/v3/u/55/55/1785355200000/6HPK6df0O_1E66GcmcwTpg/UqAJwymsrmYHAPUE4oiBLPIXSb1YC3jK4SITdCngMTeLwntBwDqkO2YKW7sySs5pRKRB3B0fs8i690Kd3vXtKkJx6W4PEefr1st9b171QsugKtKw089FHAlVg4fGcZjJf0OL44mLrRhEulQ3dnYJRuAFW-0FBcOOjMnr90fXnP0/0CAhLEdMg8Q8gujwvTamNYPFbiu7x9MXrV_CclmX93E),Essential Joining Kit.png (https://v5.airtableusercontent.com/v3/u/55/55/1785355200000/IujsoyNeS2JV8i6cG-XDUw/ffngf4FeMjj8oyxC1rNhWguooQoAr2QVLDPv70hCkVStvXvzkI3D6MC62GtZCNY4RGawkOt4MT9e2nHmhKB_5g4MM8SoJFcfB-w4D2XIgI-ATft_RrB1dd3raQoMAv6ybXAIW3ywmKL6t9eNA0jJvzIIEE-BeycwUnE_xoj464k/gHiufbKy4HBDlZz_z74fm5pjcRsyAPDFBCBVNYCNLLY)",checked,checked,Website Ready,,"Budget Gifting,Best Sellers",UV,Premium,"Employee Joining Kits,Client Appreciation Gifts",The Welcome Kit — Employee Onboarding Hamper,"First impressions are everything. This thoughtfully assembled onboarding kit comes packed in a kraft mailer box with a branded navy notebook, black mug, pen, ID card holder, lanyard, and a personalised welcome letter — everything a new joiner needs to feel seen, valued, and ready to begin. Because the way you welcome someone says everything about where they've joined.",employee-onboarding-welcome-kit,Employee Onboarding Welcome Kit — Branded Corporate Joining Hamper,"A complete employee onboarding hamper featuring a branded notebook, mug, pen, ID holder, lanyard and welcome letter in a kraft mailer box. Ideal for companies that want every new joiner to feel genuinely welcomed from day one.",Employee onboarding welcome kit with branded notebook mug pen ID holder and lanyard in kraft mailer box,,Combo,Combo,,,"budget-gifting, best-sellers",,,,,
TBG-HAM-90,Hamper 3.png (https://v5.airtableusercontent.com/v3/u/55/55/1785355200000/mlXpfUTz_gBoABok_6481A/OnULoojenAE9gDfXPh1dxzGygSIKOmcMqxQe2OGiKvyjiFHDiWrMWk4lO-mQsUThGKfbf7IG1jaNKCVzzCHyp71d0m-kKa3ozqx0cifW-HS0dpOm9dt4U0RtFYrftBRoXmiiU5nl4tsTx_4UM3Fygo5uLl8xm16h6WFtoqbmrqE/WsHk-3mkhLQqFraI_CHNf6LRL4Yd33ny8JSE90eliqE),checked,checked,Website Ready,,Premium Picks,UV,Premium,"Employee Joining Kits,Client Appreciation Gifts",The Desk Pro — Premium Tech & Stationery Hamper,"For the professional who means business at every desk. This sleek foam-fitted hamper brings together a leather notebook, ballpoint pen, Mobile Stand, and a compact Bluetooth speaker — all in a premium matte black gift box with custom foam inserts. A gift that upgrades the workspace and stays there.",premium-tech-stationery-desk-hamper,Premium Tech and Stationery Corporate Hamper — Foam Fitted Black Gift Box,"A premium corporate hamper featuring a leather notebook, pen, wireless charger and Bluetooth speaker in a matte black foam-fitted gift box. A high-impact gifting choice for executives, top performers and valued clients.",Premium tech and stationery corporate hamper with leather notebook wireless charger and speaker in black foam fitted gift box,,Combo,Combo,,,premium-picks,,,,,
TBG-HAM-91,"OOO Hamper 1.png (https://v5.airtableusercontent.com/v3/u/55/55/1785355200000/7ML-urIPeuCXt89tq5CXTw/XkOWNtol3LZ_QVbyYMijUZKKgncCvKoxINE1gZRMbimY9uJwVyqCUhknFjgQEEdEy4u_oLwD5QFcRdT7pdyRqogR9ZjohJ42cDpvfdThF8cRKlvfjTsAu76YNGjknyj8yJq_vpXSJsDYQo-HdQKYgY0i2zroqpKDErZAdBYQcbw/UvVwhWoTgi70eAEYcMy5kBJedgifpIvxvKCgu6wIFxY),OOO Hamper.png (https://v5.airtableusercontent.com/v3/u/55/55/1785355200000/CXMqedXvbMVdetsFNkpBaw/6_2_Jkylxjob4MoG9vwUfCiIDuxSum4qRJCoyP0f1gkV70thEipqpouQVmMl5ho4BUD6mB-L39Rm8f4VdlPunYcW7sD4L4dg5dQTGAglY2I_zbiQFxeHoSCeZCmns34ogJHjuoEabERlaxIWwNsL-EsrakHnfuGncUbb9BISMTs/T1WDSfbRuZ3Uurf_Ksly4UyKxjlxUNAjpYqYC9ck1iU)",checked,checked,Website Ready,,Best Sellers,UV,Travel Friendly,"Employee Joining Kits,Client Appreciation Gifts",Out Of Office Hamper,"For the ones who are always on the move. This travel-ready hamper brings together a sleek insulated bottle, compact laptop stand, mouse and a power bank. 

",out-of-office-travel-hamper,Out Of Office Travel Corporate Hamper — Premium Branded Gift Box,"A travel-ready corporate hamper featuring an insulated bottle, grooming essentials and personalised welcome card in a premium matte black branded gift box. A practical, thoughtful gift for professionals always on the move.",Out of office corporate travel hamper with insulated bottle and grooming set in matte black branded gift box,,Combo,Combo,,,best-sellers,,,,,
TBG-HAM-92,"Premium Joining Kit 1.png (https://v5.airtableusercontent.com/v3/u/55/55/1785355200000/HC3QOUm3lF4PHUTfw1UtHg/ROQQw5VQ0SmVm4zDelmNGk9cCN0oWKql-S8uecGIkPNZLCgb_3m5I8aIO5ehVcHcAjU-guskHa28CrzxULgNKeMToDZjnKMpZW5Th4nfIbrJVKZFloiqg7ujtxziSycLnyfm5zbR3VKX9SLyJkvg8ZmBaX47MFBsKCbsReuJHZQ/VTCaxJzZxw9wyKjV0T1atBBFwgHbaO2EoO47o5qjkuE),Premium Joining Kit.png (https://v5.airtableusercontent.com/v3/u/55/55/1785355200000/aaa3ISQRN7MUDrco_ELq3Q/hfVOxx-VjrC1NRTZIhWg9EmKhoeq54mdFa7H9vGiuXN_MrZSA6kFQffKaxmEw81Ejmb-eus_CsvMIq4aymkWZvsBQ39yT_H3MjmaWIlLU95j26_48p_m8ESsOr8J7lLXb2V0Y33syoKGRIwL29nxc8RftxkGpq0LRhQ3qhaWi6A/vGXiT1yfxb5e1iYVoQqxaI1OOqBAtR7XPVGj48lojvM)",checked,checked,Website Ready,,New Arrivals,UV,Premium,"Employee Joining Kits,Client Appreciation Gifts",The Brand Suite — Premium Branded Merchandise Hamper,"When your brand deserves to be everywhere. This premium branded merchandise hamper features a BG-branded notebook, pen, keychain, mug, power bank, and card holder — all presented in a custom matte black gift box with gold foil branding. A cohesive, polished gifting set that puts your brand front and centre.
",premium-branded-merchandise-hamper,Premium Branded Merchandise Corporate Hamper — Custom Logo Gift Box,"A premium branded merchandise corporate hamper featuring a custom notebook, pen, keychain, mug and card holder in a matte black gold foil gift box. A cohesive corporate gifting set that puts your brand on every essential.",Premium branded merchandise corporate hamper with notebook pen keychain and mug in matte black gold foil gift box,,Combo,Combo,,,new-arrivals,,,,,
TBG-HAM-93,"Professional Joining Kit 1.png (https://v5.airtableusercontent.com/v3/u/55/55/1785355200000/_2V6Vf8dSTAwccVptkkoLQ/LCPh0vkwZo8vbakZW7JLb--fDNS7XdUdejmJuE3n9-emYL_6v2XGqgBspnkWlkDk6pqF08kdUf7okZZqt1CLfwKQrWq03yoZpFasm-Datj2TPUW_MORFz0UBXEe7QhoMQE5rIjG2yJqbHil3fxQBOKO4R9RV9N5rgqzS_nvP_edGSdcEsRsAIxUB4fV2nj9-/znMrITFmV0wNf5ju_kWmmXb_T2s2HjGtw4cGNvZQntM),Professional Joining Kit.png (https://v5.airtableusercontent.com/v3/u/55/55/1785355200000/AD51iXnGABHa336_Jg8FhQ/_o_zn0WG3p2xMHeyP3l6jxttpJpAXP_aaRin4H7yfnJyEz5rV9y9Z7CW2l4MlgsdD5Gbjy6JNZ-o4hzKLm8bqw201-AHl55s0yx3U_lnwJZbM6EOmja2iqXGg-Fq3k5KqdkZnb4KKEAHVlwreGzrKcBZbYL7HD-m044iYOYLSBiGvgVYSOsPLmTwE6AGopce/d0--BrKzvsBisjSKgj4W2v29GFJx3b3aynEkRpVpK58)",checked,checked,Website Ready,,Premium Picks,UV,Premium,"Employee Joining Kits,Client Appreciation Gifts",Welcome To The Team — Branded Onboarding Hamper,"Starting a new chapter deserves a proper send-off into it. This branded onboarding hamper pairs a navy hardbound notebook , pen a with a sleek stainless steel bottle and a mouse pad— both bearing your brand — presented in a premium navy mailer box with a personalised welcome card. Clean, confident, and instantly memorable.",welcome-to-the-team-onboarding-hamper,Welcome To The Team Branded Onboarding Hamper — Navy Corporate Gift Box,"A branded employee onboarding hamper featuring a navy hardbound notebook and stainless steel bottle with personalised welcome card in a premium navy mailer box. A clean, confident gifting choice for welcoming new team members.",Welcome to the team branded onboarding hamper with navy notebook stainless steel bottle and welcome card in navy mailer box,,Combo,Combo,,,premium-picks,,,,,
TBG-HAM-95,Work life balance hamper.png (https://v5.airtableusercontent.com/v3/u/55/55/1785355200000/q06L3rjd21V1e2gyIUiqJg/ygWk1CfTpHgrBycUUOzVACNAfqvJ5KfIWZH4Vn4keLr6fFs_2uX6kQZjjwTOKwNBXcYHtBNRP-W5As0Hemp3tw9HxSI303cCegFLetEsT36n2tkxr2FbVNuFmIiIQiqLYAdVmcjaPBvtvJr2sXXDGK3oWaXaVibqgpPlw4Ij1kM/4A0mDxtzWKIRK0nTF1bJ3yp4CSljpuHjWeDxOFRXlJo),checked,checked,Website Ready,,"New Arrivals,Premium Picks",UV,Premium,Client Appreciation Gifts,Work Life Balance,"Because the best professionals know when to switch off. This thoughtfully curated hamper pairs a sleek branded notebook with a premium scented candle — presented in a deep navy gift box with a copper foil finish. A quiet reminder that balance is not a luxury, it's a practice.",work-life-balance-hamper,Work Life Balance Corporate Hamper — Notebook and Candle Navy Gift Box,"A curated corporate hamper featuring a branded notebook and premium scented candle in a deep navy copper foil gift box. A thoughtful gifting choice for employee appreciation, milestone moments and anyone who deserves a reminder to pause.",Work life balance corporate hamper with branded notebook and scented candle in navy copper foil gift box,,Combo,Combo,,,"new-arrivals, premium-picks",,,,,
TBG-HAM-94,"Relax and Rejuvenate Hamper.png (https://v5.airtableusercontent.com/v3/u/55/55/1785355200000/lDOJBP4W1YvPMNG2VKXrDQ/8arShBQLb1YLSfMrjOOoG389OPIBGGMhO0PYJN2W0eGdRDh3Sec5Z90emK6fjVz858cQzbKVxji9ivpFRImTiHcU9ktSGBTnDOux2bVl4hvfdmc-Hdod7pv11qufvbqKW9gpI1PUbR8oCAn_klmH5szWV81_3AhodV4xA-utDPc1ndtUsRYshK9lHVNEnBj2/3d01hWZvuHjXJW5FgEer0bdZJULEQjYGkGH4ApPSzgo),Relax-and-Rejuvenate-Hamper.png (https://v5.airtableusercontent.com/v3/u/55/55/1785355200000/fRRXUfUYcFAu2wgEUIJxeQ/SWPlyPuwn4yjry0MzNwYiv-bW5S2vTqbK0h7C5yjcoYIGXHQpem-op58jTsja3W966FEea7zOwijbh0-1IkSr_r95JGjnHy-xP2fkR2XRaHiaSKVxd4zXfAQ-D56Dsuc9lyw7R1KP4t9golx7et08LU5mRKltWLCGnhG8malKmFCY6x1UrKW56fCrDKQf5wS/6N5yFdIyk4g_pD3FTEif5X9MeDqXfQFikqvm0mlkJew)",checked,checked,Website Ready,,"New Arrivals,Premium Picks",UV,Contemporary,"Employee Joining Kits,Client Appreciation Gifts",The R&R Hamper: Relax and Rejuvenate,"For the moments that matter beyond the meeting room. This curated wellness hamper features a daily gratitude journal, a scented candle, a wellness herbal tea, dark chocolate, and a soothing eye mask — nestled in a woven tray with a personalised message card. A gift that says slow down, you've earned it.",relax-and-rejuvenate-wellness-hamper,Relax and Rejuvenate Wellness Corporate Hamper — R&R Self Care Gift Set,"A curated wellness corporate hamper featuring a gratitude journal, scented candle, herbal tea, dark chocolate and eye mask in a woven tray. A thoughtful self-care gifting choice for employee wellbeing, client appreciation and festive occasions.",Relax and rejuvenate wellness hamper with gratitude journal candle herbal tea chocolate and eye mask in woven tray,,Combo,Combo,,,"new-arrivals, premium-picks",,,,,
TBG-PEN-018,P 10.jpg (https://v5.airtableusercontent.com/v3/u/55/55/1785355200000/CIo5PHJGZqzNvm0z8rehdg/BLvqQo7kIvgRHQUO9jl8De7yr9o-Mp8pRBNQvaa6hpE-9ihEIuc1sPvt1DKpOm8J_VzGBQkvLrrjfEs-nev4Rau_OmkPT3xLGj3QPSgIp596ySGWl_vLJwHwefAjhaFox_De__Or93vTqTMOvdMpJg/FekA0WL7J3GJNIzKCtmmMtEaKugS2cerlHgzChFvaJE),,,,4.0,"Budget Gifting,Under ₹500","UV,Laser",Branding Possible,Event Giveaways,Blue Comfort Grip Pen,"Smooth blue ink meets a soft rubber grip in this dependable everyday pen. Designed for long writing sessions without the fatigue — simple, reliable, and always ready.",blue-comfort-grip-ballpoint-pen,Blue Comfort Grip Pen — Ergonomic Ballpoint Pen for Daily Writing,"A smooth blue ink ballpoint pen with a soft rubber grip section designed for fatigue-free writing. Ideal for office stationery, bulk corporate gifting, and custom logo branding.",Blue ballpoint pen with soft rubber comfort grip for office use,P10,Plastic Pens,Office Essentials,Plastic,Budget,"budget-gifting, under-500",Jainex Corporate Gifts,1000,Budget,active, Utility
TBG-PEN-017,P 09.jpg (https://v5.airtableusercontent.com/v3/u/55/55/1785355200000/WBXyxyYHF5QiQVFO-n8ngA/cKOVIub98v15OQiUSF7q3BlKfNtpNlzfwQR-EKlzsyn0tQb4svdvdXzn-EADoy9PjiykM_KV-V_EhH5Ae8DoFbf5iOmRSvpY3zSZ9-JhU4dnyUiHvCS9pg5JdZ7XcVdHevKFz6g0yvNC8mvop5ml8A/kc-J4LlDppFHC5F1uRyxeFja4HAfAkJ-7io2rfmXODg),,,Website Ready,4.0,"Budget Gifting,Under ₹500","UV,Laser",Branding Possible,Event Giveaways,Black Comfort Grip Pen,"A dependable everyday pen with a soft rubber grip section that keeps writing fatigue-free. Smooth black ink, comfortable hold — the kind of pen you keep reaching for.",ergonomic-black-ballpoint-pen-comfort-grip,Ergonomic Black Ballpoint Pen with Comfort Grip,"A smooth-writing black ballpoint pen designed with a soft rubber grip for fatigue-free writing. Ideal for office use, bulk gifting, and branded merchandise.",Ergonomic Black Ballpoint Pen with Comfort Grip,P09,Plastic Pens,Office Essentials,Plastic,Budget,"budget-gifting, under-500",Jainex Corporate Gifts,1000,Budget,active, Utility
TBG-PEN-013,P 01.jpg (https://v5.airtableusercontent.com/v3/u/55/55/1785355200000/0qMnWnEpIfxZZS7fe2xSdg/Fx0JyjLaUkUxleDarVpb2QNEtq2VlpKWap5JGutonLYwWIAEJCnYiBsHizuXw2LMQSbzbcoIqRcTOlGhCgujgZsWFJT1TcGf50gaRasgrsRkKhHNr-2inGY67OS9Gyg19wZ7RtWaZgJr-bLskK-LWg/w5RihwWtydb-Y3WRK9Lo2Fl3BUJyLk9FKcifPf1N1DM),,,,3.5,"Budget Gifting,Under ₹500","UV,Laser",Branding Possible,Event Giveaways,Classic Black Ballpoint Pen,"No-fuss, no-frills, just smooth black ink and reliable performance. The everyday black ballpoint that belongs in every drawer, bag, and gift kit.",blue-comfort-grip-ballpoint-pen,Blue Comfort Grip Pen — Ergonomic Ballpoint Pen for Daily Writing,"A smooth blue ink ballpoint pen with a soft rubber grip section designed for fatigue-free writing. Ideal for office stationery, bulk corporate gifting, and custom logo branding.",Blue ballpoint pen with soft rubber comfort grip for office use,P01,Plastic Pens,Office Essentials,Plastic,Budget,"budget-gifting, under-500",Jainex Corporate Gifts,1000,Budget,active, Utility
TBG-PEN-015,P 03.jpg (https://v5.airtableusercontent.com/v3/u/55/55/1785355200000/y721INdvasawZHA32qhDpw/DSCe7oA8rna-FPEW113ydLacvS1O4v-jX7i7wAtQNdIGZbejuDC0D5ODG0FtaoFJ9br1EkxU4ndenx-z-W9BWREEAH4Hbo4Gb48yu-b09JefjiUVnsQcPvMvK3L9JQqtPpMcQrMPlYi9DOx601bzTw/ip37JCA0qdexl7ycymToetOz6fHZy_iItroUqNMgpck),,,Website Ready,3.5,"Budget Gifting,Under ₹500","UV,Laser",Branding Possible,Event Giveaways,Classic Blue Ballpoint Pen,"Clean, simple, reliable. A lightweight ballpoint pen with smooth-flowing blue ink that just works, every time. The perfect staple for desks, counters, and gift kits",everyday-blue-ink-ballpoint-pen,Everyday Blue Ink Ballpoint Pen,"A reliable, lightweight ballpoint pen with smooth blue ink flow. A go-to choice for schools, offices, and promotional giveaways. Available for custom branding.",Everyday Blue Ink Ballpoint Pen,P03,Plastic Pens,Office Essentials,Plastic,Budget,"budget-gifting, under-500",Jainex Corporate Gifts,1000,Budget,active, Utility
TBG-PEN-016,P 08.jpg (https://v5.airtableusercontent.com/v3/u/55/55/1785355200000/OQCKtNleBAcjA74mcUtRJg/ZE2umYggL38TaJ9b8c0fkJLNsSxlMp-HMdASIc0RDJde19S2Kd2ZrWGZhi6d_Bckdj-JVfMvflUHXyYhJJ5hzVjejHul_Zwb9GPoyxpo12tAG9H_yROVp0fR7V7jvCf0ImH7ulLsG6MNvtPOPTuBJA/v5WGsM7btjvb_LYlIb7Cli7g00_ExtdWRV3vjLM-2aI),,,,4.0,"Budget Gifting,Under ₹500","UV,Laser",Branding Possible,Event Giveaways,Red Comfort Grip Pen,"A bold red pen with a soft rubber grip that keeps writing comfortable from the first line to the last. Vibrant in colour, effortless in use — a desk essential with personality.",classic-black-ballpoint-pen,Classic Black Ballpoint Pen — Reliable Everyday Office Pen,"A smooth, lightweight black ink ballpoint pen built for reliable everyday performance. A no-fuss office essential ideal for desks, counters, bulk orders, and branded giveaways.",Black ballpoint pen for office and corporate gifting use,P08,Plastic Pens,Office Essentials,Plastic,Budget,"budget-gifting, under-500",Jainex Corporate Gifts,1000,Budget,active, Utility
TBG-PEN-014,P 02.jpg (https://v5.airtableusercontent.com/v3/u/55/55/1785355200000/fPD1W1RAyu2ozCqVb9WOnQ/w37vb7peCqQgTZ2JxY3L0MyVpMhksZ0DncLKWrB71lP34l4lzzjzitMjlX7TQp7KLCeB43SM0gT-We-KB6JDUZlao1BAzVycaWvPO_hc5Y-ScjlESUCyXtXPdzJ5i3oMukcT7uFTNFanzjzbykGd0Q/hYOlt9OZH6STPQJj6GsUH1C84Srh5Hgw5vwZ21s1ugc),,,,3.5,"Budget Gifting,Under ₹500","UV,Laser",Branding Possible,Event Giveaways,Classic Red Ballpoint Pen,"Bright, bold, and budget-smart. This classic red ballpoint pen delivers smooth, consistent ink flow — a cheerful everyday essential for offices, counters, and promotional kits.",red-comfort-grip-ballpoint-pen,Red Comfort Grip Pen — Ergonomic Ballpoint Pen for Daily Writing,"A bold red ink ballpoint pen with a soft rubber grip designed for comfortable, fatigue-free writing. Great for office use, bulk corporate gifting, and custom logo branding.",Red ballpoint pen with soft rubber comfort grip for office use,P02,Plastic Pens,Office Essentials,Plastic,Budget,"budget-gifting, under-500",Jainex Corporate Gifts,1000,Budget,active, Utility
TBG-PEN-022,P 28.jpg (https://v5.airtableusercontent.com/v3/u/55/55/1785355200000/rsaGWrNR5xtjc9-HfsmDAw/c5VfoUjb9iBR3C6C6XPmulaRFWXqaVh50AATgtWJEIZRjmrRA07UU4J7wn_ZSyUxOq7w7XFZX97hk2S5Ac-XTBpCaoNain85CYDBGfIppNi_AChvpmgRl8YF1Q3Temc9E33duhxIIBC-T5oD77gXpg/FVBfpBKNSqOJMDLnfbd7ur8WxjKXwf2Q3cItOuUXKbw),,,,9.0,"Budget Gifting,Under ₹500","UV,Laser",Branding Possible,Event Giveaways,Space Dark Blue Ballpoint Pen,"Engineered for the modern desk. This deep navy blue pen has a sleek, structured form that writes as confidently as it looks — a sharp choice for corporate gift sets.",classic-red-ballpoint-pen,Classic Red Ballpoint Pen — Bright Everyday Office Pen,"A smooth, lightweight red ink ballpoint pen perfect for everyday writing needs. Cheerful, reliable, and budget-smart — ideal for offices, schools, and promotional giveaways.",Red ballpoint pen for office and corporate gifting use,P28,Plastic Pens,Office Essentials,Plastic,Mid Range,"budget-gifting, under-500",Jainex Corporate Gifts,500,Mid Range,active, Utility
TBG-PEN-030,P 36.jpg (https://v5.airtableusercontent.com/v3/u/55/55/1785355200000/L9FaEa3vnfXA3z29ynIORQ/a2AAxH5RMR8Iaq6BOoTcx1l4LZ8EDS8IQ-V-b7EZ97T_neCiwolk5S0tXjJweyo93mG94m3PoPYs36mNdsOD4_PGqoAW2sT44z_Ljsq5NvcQFuLmXotSi9EBENXosJFWzgwfstYiXmHp3dVsRApXuw/6LRFNeXNBZqEkaUfU5NnXnefAd0kXJ72xpLh6Es4atQ),,,Website Ready,11.0,Budget Gifting,"UV,Laser","Minimalist,Branding Possible",Event Giveaways,Probo Ballpoint Pen,"A neatly designed plastic pen with a professional finish and smooth writing action. A smart, budget-friendly choice for bulk orders and branded giveaways.",probo-plastic-ballpoint-pen,Probo Plastic Ballpoint Pen — Smooth Write Corporate Pen,"A sleek, lightweight plastic ballpoint pen with a smooth writing experience. Ideal for bulk corporate gifting, office stationery, and branded giveaways with custom logo printing.",Probo Plastic Ballpoint Pen — Smooth Write Corporate Pen,P36,Plastic Pens,Office Essentials,Plastic,Mid Range,budget-gifting,Jainex Corporate Gifts,500,Mid Range,active, Utility
TBG-PEN-025,P 31.jpg (https://v5.airtableusercontent.com/v3/u/55/55/1785355200000/lQBvyclcaD6uaW5Vi8t3FA/jdJ9c1RwLpVcVPUhYFavEfEI3wyivU44QHjvmss_hB9sZEA_BibnGCj9Bos9NYNfmoV7DmlDee2U11GmjBi57caQoQ8KrrXMbT1e0dfO_YSVs2ZI4whYptvkhgOE0SCBJL_R8_HQehz3FilBXCj7_Q/IhP66OkPr0n8Xck9NykLPVgQgNg19JwFmXA5lMhjUPM),,,,9.5,"Budget Gifting,Under ₹500","UV,Laser",Branding Possible,Event Giveaways,Triangle Black Ballpoint Pen,"Three sides, one smooth writing experience. This uniquely triangular black pen offers an ergonomic grip that prevents rolling and keeps writing comfortable",space-dark-blue-ballpoint-pen,Space Dark Blue Ballpoint Pen — Sleek Corporate Office Pen,"A deep navy blue ballpoint pen with a sleek, structured form and smooth ink flow. A sharp, professional writing instrument ideal for corporate stationery kits and branded giveaways.",Dark blue space ballpoint pen for corporate gifting,P31,Plastic Pens,Office Essentials,Plastic,Mid Range,"budget-gifting, under-500",Jainex Corporate Gifts,500,Mid Range,active, Utility
TBG-PEN-024,P 30.jpg (https://v5.airtableusercontent.com/v3/u/55/55/1785355200000/MU6zdLFK44pfp2hi0bhWvg/nTO_J1yKBD_-SF_2LAbDlUqtICvEWpYBDp1KwhpzMDdJRDlpAbX_aVTiCCUoj7OnrNDtrBee_9UUza6pyDg4GpVmsiy5amdwggIrY6eBYmqcCOydQtRL0UAOIDFCqyFKaK1mgIdZ9niddOq2XOHLjw/rl0gfOAgJBYaYZW0aJw8R278CI_w336kRBDI8bYwTU8),,,,8.0,"Budget Gifting,Under ₹500","UV,Laser",Branding Possible,Event Giveaways,Matte Black Ballpoint Pen,"All business, no shine. This matte black pen delivers a premium rubberised feel and smooth ink flow — the kind of pen that gets borrowed and never returned.",triangle-black-ballpoint-pen,Triangle Black Ballpoint Pen — Ergonomic Anti-Roll Office Pen,"A uniquely triangular black ballpoint pen offering a natural ergonomic grip and smooth ink flow. Its anti-roll design keeps it firmly on your desk — practical, distinctive, and brandable.",Black triangular ballpoint pen with ergonomic grip,P30,Plastic Pens,Office Essentials,Plastic,Mid Range,"budget-gifting, under-500",Jainex Corporate Gifts,500,Mid Range,active, Utility
TBG-PEN-027,P 33.jpg (https://v5.airtableusercontent.com/v3/u/55/55/1785355200000/apdJqhdmnybdR5B6BUYH7g/I061aY9xNOYv20FvXvxQ_iQFuagtPGlTkr7VAiLD_d8oWoUVJ6ZPpdVriadvLgTKMzjEvEQK42Cd_RVFio-3RK2IbaEJrX7LYgiROaP01RVqEcuRjyipebgXyJ0Z7QisJA6rkxSxYrYaAbYf7DPAAg/OYeGNmaIeWOKZcjE2gRK_ysZPSXUqpAt1NPNJq5XRzQ),,,Website Ready,10.0,Budget Gifting,"UV,Laser","Minimalist,Branding Possible",Event Giveaways,Curve Blue Ballpoint Pen,A gently curved blue pen that feels natural in the hand from the first word. Its ergonomic form and smooth ink delivery make it a crowd-pleasing everyday writer.,curve-blue-plastic-ballpoint-pen,Curve Blue Plastic Pen — Ergonomic Ballpoint Pen for Daily Use,"A stylishly curved blue plastic pen designed for a comfortable grip and effortless writing. Great for office use, student kits, and promotional merchandise.",Curve Blue Plastic Pen — Ergonomic Ballpoint Pen for Daily Use,P33,Plastic Pens,Office Essentials,Plastic,Mid Range,budget-gifting,Jainex Corporate Gifts,500,Mid Range,active, Utility
TBG-PEN-029,P 35.jpg (https://v5.airtableusercontent.com/v3/u/55/55/1785355200000/kBBD_EfhOOSKD_aWnFxivw/xwADW1dHl4uIhTzNhyQwvLJjsYoYnv4qp59DbxTJ6Z6vO7mw519l5qN2moPHOyNoCQrwvbOZcDzIi6jngL22yL_vrgJ2gOWKxJP3zoXkWOpYSjA-lxoUdwib88Oi0sqzU4FfUt4oXeDwezXRVGfRxw/GU-rOtfOWEFQkJAucwWQYSRNpo3Z18WXKjuQ3C2FTxA),,,,11.0,"Budget Gifting,Under ₹500","UV,Laser",Branding Possible,Event Giveaways,Probo Ballpoint Pen,"A neatly designed plastic pen with a professional finish and reliable writing action. A smart, budget-friendly staple for bulk orders and branded giveaways.",matte-black-ballpoint-pen,Matte Black Ballpoint Pen — Soft Touch Premium Corporate Pen,A sleek matte black ballpoint pen with a premium rubberised soft-touch finish and smooth ink delivery. The kind of pen that gets borrowed and never returned — perfect for executive gifting.,Matte black soft-touch ballpoint pen for premium gifting,P35,Plastic Pens,Office Essentials,Plastic,Mid Range,"budget-gifting, under-500",Jainex Corporate Gifts,500,Mid Range,active, Utility
TBG-PEN-020,P 21.jpg (https://v5.airtableusercontent.com/v3/u/55/55/1785355200000/BVGVG_TA3Jj6fhDtL6RCLw/DSYud-S5dsttMAyfuM1f1s3fDXjPQI7Gs3YkMp5fAfyRhkrYkgoH7HUFpOOk5qbX4it6ZDpPnuBYxLbNYYv1kowdzAe7a6KfO6lTehha4-kXW3ioJJSBCvEa_Q0ggpbaK63pQTucRCeI_tMlwv553A/iImCzaQYD_GtX-7aDYtSRqmCsg0y_zKXtmgfReOv6rc),,,,5.0,"Budget Gifting,Under ₹500","UV,Laser",Branding Possible,Event Giveaways,Twist Retractable Ballpoint Pen,"Click less, write more. This smooth-operating twist mechanism pen is a satisfying everyday carry — clean in design, effortless in use, and perfect for corporate customisation.",probo-ballpoint-pen,Probo Ballpoint Pen — Reliable Plastic Pen for Corporate Giveaways,"A neatly designed plastic ballpoint pen with a professional finish and smooth writing action. A smart, budget-friendly choice for bulk orders, branded merchandise, and promotional giveaways.",Probo plastic ballpoint pen for bulk corporate gifting,P21,Plastic Pens,Office Essentials,Plastic,Budget,"budget-gifting, under-500",Jainex Corporate Gifts,1000,Budget,active, Utility
TBG-PEN-023,P 29.jpg (https://v5.airtableusercontent.com/v3/u/55/55/1785355200000/q2sR9ev-KtDsecLj7HaROw/Z1aT5VcNsl8qyj3rV-HxsQH5h1sMMaKoscPeFPjEjdGAdPTRvBQ3KAiLfuT57AmefKvE29o-HXNevqBgoQzyPpOr82oT2WetFSdnFWqzkRzapfx_dWlaekAD3c_zJDTzR2wazlinYmwxl0Ui6QA2Ig/5oetaGb0wCqGP1hfLIk5yWaZbUXXAU-Yz6DtnWLbKcg),,,,8.0,"Budget Gifting,Under ₹500","UV,Laser",Branding Possible,Event Giveaways,Matte White Ballpoint Pen,"Understated and elegant. A soft matte white finish gives this ballpoint pen a refined, premium feel that makes it a natural fit for upscale gift sets and corporate stationery",twist-retractable-ballpoint-pen,Twist Retractable Ballpoint Pen — Smooth Corporate Office Pen,"A smooth-operating twist mechanism ballpoint pen with a clean, professional design. Reliable, refillable, and a great canvas for custom logo branding across corporate gift sets.",Twist retractable ballpoint pen for office and gifting use,P29,Plastic Pens,Office Essentials,Plastic,Mid Range,"budget-gifting, under-500",Jainex Corporate Gifts,500,Mid Range,active, Utility
TBG-PEN-026,P 32.jpg (https://v5.airtableusercontent.com/v3/u/55/55/1785355200000/Ksm5_DAElZE0pK0rA5YCZg/GYiz3QjRTaLqwtI_VKfwo-SEa1CBHc9lalnySinq-6hKBlLr9YCckH_0cO1AEO7Xcjnl4sCtbg3H_btzuE2iLEBogrO98zbsDHT67ljylj1NzydM8-_4rGNt6i1UILrE9cGE5IhOQ9aoKyjG65V3TQ/9OHhkPvS95bT7mVBOliHUE0jmTNo9MZFxmNU8IETZtQ),,,,8.5,"Budget Gifting,Under ₹500","UV,Laser",Branding Possible,Event Giveaways,Triangle White Ballpoint Pen,"Distinctive by design. The white triangular barrel sets this pen apart on any desk — practical, stylish, and a great canvas for logo branding.",matte-white-ballpoint-pen,Matte White Ballpoint Pen — Elegant Soft Touch Corporate Pen,"A refined matte white ballpoint pen with a premium soft-touch rubberised finish. Understated, elegant, and a natural fit for upscale gift sets and sophisticated corporate stationery.",Matte white soft-touch ballpoint pen for premium gifting,P32,Plastic Pens,Office Essentials,Plastic,Mid Range,"budget-gifting, under-500",Jainex Corporate Gifts,500,Mid Range,active, Utility
TBG-PEN-021,P 27.jpg (https://v5.airtableusercontent.com/v3/u/55/55/1785355200000/292P1KLdQAfyjb_R6b4cRw/vtx4cnj_JMBCptlhOuzdnyHm4Xujp-kFL-utb1CW80IGrr7GiM0Wdq9LLfEhQnXdkVXniLM9hK_KgIQFHXHPGsZ3eTA9wbBbHp5MtfCLs3RqYLpPRCZpqi-Ia-XU0bJP5bVAV303G0AE3c5PasBlSA/uZqawf5x-h0qcgSVm2xl9z-odJ0E3bM3TtVtWoqqBv0),,,,9.0,"Budget Gifting,Under ₹500","UV,Laser",Branding Possible,Event Giveaways,Space White Ballpoint Pen,"Clean lines, smooth ink, zero compromise. This crisp white Space pen takes custom branding beautifully and looks right at home in any premium stationery collection.",triangle-white-ballpoint-pen,Triangle White Ballpoint Pen — Ergonomic Anti-Roll Office Pen,"A crisp white triangular ballpoint pen with an ergonomic three-sided barrel that prevents rolling and ensures a comfortable grip. A distinctive, brandable pen for corporate gifting.",White triangular ballpoint pen with ergonomic anti-roll design,P27,Plastic Pens,Office Essentials,Plastic,Mid Range,"budget-gifting, under-500",Jainex Corporate Gifts,500,Mid Range,active, Utility
TBG-PEN-019,P 13.jpg (https://v5.airtableusercontent.com/v3/u/55/55/1785355200000/ulBOuP6uHxFC4b2ljlxVmg/T8xGK1erNmcpIwre0SvQlEzSxAcmREMrhXKFHCK0HCEsVgS6fwHgqaLVA9LxCfiG1XeStuUOKgHkyyOgKvheGSMn2HfS8FO2wzdkI1ujHfW7EZlVLeavc6yFuihXDBydMPJbpT39qhMejGQbPkpFZA/VW3sXjGDr5aOTLBJzBOwzEaqxXo7Pt-qaAvYSBippYY),,,,5.0,"Budget Gifting,Under ₹500","UV,Laser",Branding Possible,Event Giveaways,Style Red Ballpoint Pen,Turn up the style quotient. This vibrant red pen brings flair to any stationery kit or brand activation — smooth to write with and impossible to overlook.,space-white-ballpoint-pen,Space White Ballpoint Pen — Clean Corporate Branding Pen,"A clean, crisp white ballpoint pen with smooth ink flow and a professional finish. Takes custom logo branding beautifully — a versatile staple for any corporate stationery collection.",White space ballpoint pen for corporate branding and gifting,P13,Plastic Pens,Office Essentials,Plastic,Budget,"budget-gifting, under-500",Jainex Corporate Gifts,1000,Budget,active, Utility
TBG-PEN-028,P 34.jpg (https://v5.airtableusercontent.com/v3/u/55/55/1785355200000/2KCSRvqlckDgra_HR1s2Ew/y7ZF1mGeMjM5ycWUJWmLx6HbnbKPKCiRNVWnZ7_dyzbU4JZm9fvnsWUCdItKwxUlcANgGBTwrAtH_ro3BChmcobJ3Lbu1iyIQ62UhF64ZibdrUshiAH2uM0AlMS5zOX1BIMmmcRGt7kRuDnCGKY-8Q/VcNyWcHkZNfVG8iv6LznCGlY5t_d_4ZmXNQNm6mGx9Y),,,,10.0,"Budget Gifting,Under ₹500","UV,Laser",Branding Possible,Event Giveaways,Curve Red Ballpoint Pen,"Boldly red and beautifully curved, this pen fits naturally in the hand and delivers smooth ink from first word to last. A lively addition to any corporate gift set.",style-red-ballpoint-pen,Style Red Ballpoint Pen — Vibrant Corporate Promotional Pen,"A vibrant red ballpoint pen with a stylish finish and smooth ink delivery. A lively, eye-catching choice for brand activations, trade shows, and colourful corporate gift sets.",Red style ballpoint pen for corporate gifting and promotions,P34,Plastic Pens,Office Essentials,Plastic,Mid Range,"budget-gifting, under-500",Jainex Corporate Gifts,500,Mid Range,active, Utility
TBG-PEN-042,P 51.jpg (https://v5.airtableusercontent.com/v3/u/55/55/1785355200000/Db3Tuk_G0pJOYsjN50M89Q/DDCH-QcRJiCTKtlkSzi0_Mc8_FEhvlCoXjjBi1FZLnAMsWZ2jMhtA9jFGiHQ885BOYLo30NhJhC9SvKbMjKCzFoiLCWRN50NT_VBbvYA7Md-h0snfRKSd8UD4ovOksBCnnieDeIGXFXXeIH1rKxGWw/0GLkdcPT7K1wAY4i8M_FykIRsMYM2UpRA4IdXOY6KY4),,,,3.3,"Budget Gifting,Under ₹500","UV,Laser",Branding Possible,Event Giveaways,Bosch Red Ballpoint Pen,"Precision-inspired design meets everyday practicality. This confident red pen delivers smooth, reliable ink flow and a sturdy build — made to perform, designed to impress.",white-square-ballpoint-pen,White Square Ballpoint Pen — Modern Geometric Corporate Office Pen,"A clean white ballpoint pen with a distinctive square barrel for a modern, geometric look. Smooth-writing, anti-roll, and an excellent canvas for custom logo branding.",White square barrel ballpoint pen for modern corporate gifting,P51,Plastic Pens,Office Essentials,Plastic,Budget,"budget-gifting, under-500",Jainex Corporate Gifts,1000,Budget,active, Utility
TBG-PEN-037,P 46.jpg (https://v5.airtableusercontent.com/v3/u/55/55/1785355200000/cCgOJHGPCZa1rCDIsPMyjw/FwtA5ZbfC5qthtoSB1v_knBzRuiLkdM6zeiR9qLUiVQE_XNkX7o1cI0UDegB6i0xWkx26IjJ5k4C2sQfPUFBN-WDNKYa1CJr1VqRMLaZuqCkBaRiskbQHnU72jPRuH6wJ5NAucS5ANAGANGaqkcRrQ/EKawBd_n7vopggyLIQQ4__Ocip_ReYsNnUPNkXrY_9M),,,,18.0,"Budget Gifting,Under ₹500","UV,Laser",Branding Possible,"Employee Joining Kits,Event Giveaways",Navigator Black Ballpoint Pen,"Navigate every meeting, every note, every deadline with this sharp black ballpoint. A dependable pen with a professional finish and the weight of confidence in every stroke.",cool-blue-ballpoint-pen,Cool Blue Ballpoint Pen — Smooth Everyday Corporate Office Pen,An effortlessly cool blue ballpoint pen with consistent ink flow and a clean professional design. A crowd-pleasing corporate gift that works as well on a desk as it does at an event.,Cool blue ballpoint pen for office and corporate gifting,P46,Plastic Pens,Office Essentials,Plastic,Mid Range,"budget-gifting, under-500",Jainex Corporate Gifts,500,Mid Range,active, Utility
TBG-PEN-043,P 55.jpg (https://v5.airtableusercontent.com/v3/u/55/55/1785355200000/LRr0w1Q4gjtsv3RN3IgfTg/E5jioL_EiDtjecAJFqBcZboleqcVreG7NalwVFCRhicoWIEZBf9sRSoRE6CGNCVdvCdfb3UJyX8N2e615NgpBjnsK1Pfim_aeH144NWBjHePOucgRzOK2wFr_NpegFGlfQyd1mUbp8GwcrHC9uxs9w/iN248A0wFntNlTYTIgQMYCZOrFl7GvwqfIRO8YulUFw),,,,6.5,"Budget Gifting,Under ₹500","UV,Laser",Branding Possible,Event Giveaways,Garrex Black Ballpoint Pen,Solid. Smooth. Serious. The Garrex Black is a no-compromise ballpoint with a sturdy build and professional finish — the kind of pen that earns its place in every top drawer.,navigator-black-ballpoint-pen,Navigator Black Ballpoint Pen — Professional Corporate Office Pen,"A sharp black ballpoint pen with a professional finish and confident, consistent ink delivery. Navigate every meeting, note, and deadline with this dependable corporate gifting staple.",Black navigator ballpoint pen for professional corporate gifting,P55,Plastic Pens,Office Essentials,Plastic,Budget,"budget-gifting, under-500",Jainex Corporate Gifts,1000,Budget,active, Utility
TBG-PEN-044,P 56.jpg (https://v5.airtableusercontent.com/v3/u/55/55/1785355200000/D7YCIZzOWNmXySFZCLhgNQ/tuDMS7DEo3-P4H9rwGtLF-PLOV_18ALlqNOj1c7utgJT86weN44rYhQzpCv1K5jYrGs8nwAcLA0zH9ifOd85-YejS2-Qk_ORPmk1nmcea0Haq04nsV5CrxYw7GNuBOLdYgSPb6dP2cnmB_HZl6AAsg/Wsz59MSq_DPvCATHT6iJ3hvl38WPSoixwVEhep5vvcQ),,,,6.5,"Budget Gifting,Under ₹500","UV,Laser",Branding Possible,Event Giveaways,Texpin Blue Ballpoint Pen,"Lightweight, smooth, and quietly stylish. The Texpin Blue is a versatile everyday pen that punches above its weight — ideal for office stationery kits and event giveaways.",garrex-black-ballpoint-pen,Garrex Black Ballpoint Pen — Sturdy Professional Corporate Pen,"A solid black ballpoint pen with a sturdy build, professional finish, and smooth ink flow. No-compromise performance in every stroke — a reliable pick for bulk corporate orders.",Black Garrex ballpoint pen for bulk corporate gifting,P56,Plastic Pens,Office Essentials,Plastic,Budget,"budget-gifting, under-500",Jainex Corporate Gifts,1000,Budget,active, Utility
TBG-PEN-032,P 41.jpg (https://v5.airtableusercontent.com/v3/u/55/55/1785355200000/grkrjEjHQQ_QloGG26s9LA/LigTsrwaL071yty5PZuFgbOQfoZgVti5Q5jV1Dnr_Yri7WqMnHc0NJF1NjE11YDvF7Cbh6pbbRWjfx4DRUQyxl1lD9KIiymoCfKkIIkBBYF3GaNk9hGYIKAykMzDk8CXKa72Scupfqn5Ei2RuCSfsw/Ruu_ylZ4lHqg4hep2X5PDixihmk-9cot5DJxXCHGJkI),,,Website Ready,17.0,"Budget Gifting,Under ₹500","UV,Laser","Minimalist,Branding Possible",Event Giveaways,Tissot White Ballpoint Pen,"Crisp white with clean lines and a smooth writing experience. A versatile, elegant pen that takes custom branding exceptionally well — ideal for launches and corporate events.",tissot-white-plastic-ballpoint-pen,Tissot White Plastic Pen — Elegant White Ballpoint Pen for Gifting,"A clean, minimalist white ballpoint pen with a premium look and feel. A versatile corporate gift that takes custom branding beautifully — ideal for events, launches, and office kits.",Tissot White Plastic Pen — Elegant White Ballpoint Pen for Gifting,P41,Plastic Pens,Office Essentials,Plastic,Mid Range,"budget-gifting, under-500",Jainex Corporate Gifts,500,Mid Range,active, Utility
TBG-PEN-035,P 44.jpg (https://v5.airtableusercontent.com/v3/u/55/55/1785355200000/e8Vc1INZicl9i9m92XFdIg/xZ-EWWVNuynlDEFNix6_AO4Z7J6CORKuj34zapWVV_1gs4YpKGKlxnkpoLdY9oo39bE-IBox1ExhLqRRLWihqlIgxMBWes85NXpn4zsvqWvQsHo8D9QlnjaL_MHxpRMa5FTYMb1WBPxaj1fRqbtOnQ/KJTjS1o7J4_RxzwqGXTnprnVxxoSrwz_tYdA4SWP9_s),,,,20.0,"Premium Picks,Under ₹500","UV,Laser",Branding Possible,"Employee Joining Kits,Event Giveaways",Metal Bullet Red Pen,"Power in your pocket. A solid metal-barrelled bullet pen in bold red that writes as powerfully as it looks. Premium weight, premium feel — a gifting upgrade worth making.",red-square-ballpoint-pen,Red Square Ballpoint Pen — Bold Geometric Corporate Promotional Pen,"A bold red ballpoint pen with a sharp square barrel for a modern, geometric look. Eye-catching, anti-roll, and a standout choice for promotional events and branded gift sets.",Red square barrel ballpoint pen for modern corporate gifting,P44,Plastic Pens,Office Essentials,Plastic,Mid Range,"premium-picks, under-500",Jainex Corporate Gifts,500,Mid Range,active, Utility
TBG-PEN-031,P 37.jpg (https://v5.airtableusercontent.com/v3/u/55/55/1785355200000/iyASdtwXO7cARE_YIaOYiw/NyDevISo2DIrQZF1eYxNfF1padGd1_tQpPTR-v9aBR0GxIqpnPf00cbtjEvQXFAuPVtdM4mBguEWWRBIPrfIRH1Kdnp1yyPeqkB-GjyVPXN-cNd4_Ea20i46qfEUEnwkBQbSFGAqHQT1xSqruU601g/eIbCD1SEYwZeCQvaMQtR_A-L9B_g9R9HL12TfKOggxo),,checked,Website Ready,12.0,"Budget Gifting,Under ₹500","UV,Laser","Minimalist,Branding Possible",Event Giveaways,Prada White Slim Pen,"Slim, polished, and effortlessly stylish. This white designer-inspired pen makes a refined impression straight out of the box — and an even better one with your logo on it.",designer-white-ballpoint-pen,Prada White Ballpoint Pen — Sleek Designer-Style Corporate Pen,A designer-inspired white ballpoint pen combining sharp aesthetics with smooth performance. Elevates everyday writing and makes a lasting impression as a branded corporate gift.,Prada White Ballpoint Pen — Sleek Designer-Style Corporate Pen,P37,Plastic Pens,Office Essentials,Plastic,Mid Range,"budget-gifting, under-500",Jainex Corporate Gifts,500,Mid Range,active, Utility
TBG-PEN-059,P 78.jpg (https://v5.airtableusercontent.com/v3/u/55/55/1785355200000/jUIVk9sciwOBUDDKaVXB1w/JWMZ6UNREbPPS2pWuhGfE-a1ahzylH4mpzd7nTSeXukYH-oMEcDmmx68BgX1dsG22m6ZBRumFcOuhSYH1yqoMJHH6DbSw3NSgtFF281vSza_48-cPaOI6L0Z-GjBqBagxY4J57ITuSjNyqGKvs5dlw/UbXzGvtLoPQl9jcNQpNSmCMr7cFdPk7UU2j2BerpYEY),,,,15.0,"Budget Gifting,Under ₹500","UV,Laser",Branding Possible,Event Giveaways,Clicksy Multicolour Retractable Pen Set,"One click, endless colours. The Clicksy set brings together a vibrant mix of smooth retractable ballpoints — playful, practical, and a perfect gift for the creatively inclined.",blue-glow-ballpoint-pen,Blue Glow Ballpoint Pen — High Gloss Corporate Promotional Pen,"A cool blue ballpoint pen with a luminous high-gloss finish that catches the eye and keeps the ink flowing smoothly. A vibrant, head-turning pick for events and promotional gift sets.",Blue gloss finish ballpoint pen for corporate gifting,P78,Plastic Pens,Office Essentials,Plastic,Budget,"budget-gifting, under-500",Jainex Corporate Gifts,1000,Budget,active, Utility
TBG-PEN-039,P 73.jpg (https://v5.airtableusercontent.com/v3/u/55/55/1785355200000/TMB0wT27XevuRqZ3PvsF3w/z_riW45Iib4brB-vCsv8pnqPqAU3m8a-GQOCjk6cTVuufSNhgdCEMf-0crAAfDeQxd9p7RyytWKXakZu-N3wLRo1k1iEqXGiTnLRHCaF3WNWUNQoqftARrCTZ9Vae5lRMecwIx8weZY9PPqTNgYlhA/6SIaBndQqKvainsUHnVX0amqwRYf8MXWKbYboprhw4M),,,,20.0,"Budget Gifting,Under ₹500","UV,Laser",Branding Possible,"Employee Joining Kits,Event Giveaways",Navigator Red Ballpoint Pen,"Chart your course in red. This bold Navigator pen delivers smooth, consistent ink and a strong, purposeful design — a standout in bulk gifting and branded stationery kits.",clicksy-multicolour-retractable-pen-set,Clicksy Multicolour Retractable Pen Set — Fun Corporate Gift Pens,"A vibrant mix of smooth retractable click ballpoint pens in assorted colours. Playful, practical, and a perfect corporate gift for creative teams, events, and colourful stationery kits.",Multicolour retractable click ballpoint pen set for gifting,P73,Plastic Pens,Office Essentials,Plastic,Mid Range,"budget-gifting, under-500",Jainex Corporate Gifts,500,Mid Range,active, Utility
TBG-PEN-040,P 74.jpg (https://v5.airtableusercontent.com/v3/u/55/55/1785355200000/tiwOCBibBV5ikOD5ybNxWg/5Cdj7ylhsPMgYvccoelZFnb0VH995h57Y0UkmLUCUYzhCXZH_353Dl9CXJotmuK8ILiD5tzqrLDBvT_nY8vceLXrxKRp4Jfmpjij-azjz_xj9rA-jV2tk5l19SX6mC1BRgMSucn9xfMGUN3P47cClw/izQuomOw8zjkuwgR6qMNh4kZpzIbtzarNFh1o6uFmp0),,,,20.0,"Budget Gifting,Under ₹500","UV,Laser",Branding Possible,"Employee Joining Kits,Event Giveaways",Navigator Blue Ballpoint Pen,"Steady, smooth, and reliable. The Navigator Blue is a trusty everyday writer with a professional finish that works as well in a boardroom as it does at a front desk.",navigator-red-ballpoint-pen,Navigator Red Ballpoint Pen — Bold Professional Corporate Pen,"A bold red Navigator ballpoint pen with smooth, consistent ink and a strong, purposeful design. A standout choice for bulk corporate gifting, branded stationery, and promotional kits.",Red navigator ballpoint pen for professional corporate gifting,P74,Plastic Pens,Office Essentials,Plastic,Mid Range,"budget-gifting, under-500",Jainex Corporate Gifts,500,Mid Range,active, Utility
TBG-PEN-055,P 68.jpg (https://v5.airtableusercontent.com/v3/u/55/55/1785355200000/sK_4aPW8EL71gNjRHk5TQg/3g-CyqcI-B_kdButwu1tSJIFZ6pbdBAKcATnBN2pMIeGw9FwxPxmsd9dA4iNgNCrrXqhqKD5cpaFxdPVKiu-S0S6dj5x3CGvdEOkXrK19vHPgxYZfHkMOX5R5Slg4McuqPQRybPDGMtVBAFhch-hzg/xm4HnGoldgFPfpZEsXVGqaKrtMeUEnGiq1GHOKiDYog),,,,54.0,"Premium Picks,Under ₹500","UV,Laser","Premium,Branding Possible","Employee Joining Kits,Event Giveaways",Red Glow Ballpoint Pen,"High-energy red with a mirror-like gloss finish. This pen shows up loud and proud in any gift set — bold enough to be remembered, smooth enough to be loved.",navigator-blue-ballpoint-pen,Navigator Blue Ballpoint Pen — Reliable Everyday Corporate Pen,"A steady, smooth blue Navigator ballpoint pen with a professional finish. A trusty everyday writer that performs as confidently in a boardroom as it does at a front desk.",Blue navigator ballpoint pen for office and corporate gifting,P68,Plastic Pens,Office Essentials,Plastic,Premium,"premium-picks, under-500",Jainex Corporate Gifts,500,Premium,active, Utility
TBG-PEN-045,P 57.jpg (https://v5.airtableusercontent.com/v3/u/55/55/1785355200000/Zs81_jckacELmJ77xlWPyA/T4rQJAA4yn4idgVAxAStpxKBC9ZiA6pTRCxPwGdqrkRWxcBUxCM9cgKirb3CGYUYtdMeWJLo6eZ9AsZvHvguStuhuFCUoaoeCFKdbuNYB4Bt8b1JXOJqKYDcCZhs4JShG4T--6M3YaK85j3E4nY2Og/wdaAFj_JUF--kX1VsnbNKoR3dwMNiq47k-Mj32E6cOw),,,,6.5,"Budget Gifting,Under ₹500","UV,Laser","Premium,Branding Possible",Event Giveaways,Texpin Blue Ballpoint Pen,"Lightweight, smooth, and quietly stylish. The Texpin Blue is a versatile everyday pen that punches above its weight — ideal for office stationery kits and event giveaways.",texpin-red-ballpoint-pen,Texpin Red Ballpoint Pen — Lightweight Vibrant Corporate Office Pen,"A cheerful red lightweight ballpoint pen with smooth ink flow and a clean finish. Great for adding a pop of colour to office stationery kits, school supplies, and promotional campaigns.",Red Texpin lightweight ballpoint pen for office gifting,P57,Plastic Pens,Office Essentials,Plastic,Budget,"budget-gifting, under-500",Jainex Corporate Gifts,1000,Budget,active, Utility
TBG-PEN-041,P 75.jpg (https://v5.airtableusercontent.com/v3/u/55/55/1785355200000/aHdttAoAwtb-xktdeMvBew/PkJsjo2T-tE5t7h15WG7mHJF6gm8xDXrKA6kRtX3dwXwweaDH8awBxnYSOrXj6U4mTcICnPq72S0lYEWOnYKf45w_laiID1DoLvK1TtygiX7lnnJyWHXU-qNVnMAH24bTlgJym2UDPK3fMf9aSDAVg/Hh9hVKUCds6HDhkVolD4DZqTWTh63Hd_wUHfxsIH26k),,,,22.0,"Budget Gifting,Under ₹500","UV,Laser",Branding Possible,"Employee Joining Kits,Event Giveaways",Navigator Black Gold Ballpoint Pen,"The Navigator goes premium. A striking black barrel finished with gold accents makes this pen a cut above — smooth to write with, stunning to look at, and perfect for upscale gifting.",navigator-black-gold-ballpoint-pen,Navigator Black Gold Ballpoint Pen — Premium Executive Corporate Pen,A striking black Navigator ballpoint pen finished with elegant gold accents. Smooth to write with and stunning to look at — a premium corporate gift for discerning professionals.,Black and gold navigator ballpoint pen for premium gifting,P75,Plastic Pens,Office Essentials,Plastic,Mid Range,"budget-gifting, under-500",Jainex Corporate Gifts,500,Mid Range,active, Utility
TBG-PEN-038,P 72.jpg (https://v5.airtableusercontent.com/v3/u/55/55/1785355200000/a5A3SKzRegwbZnCY9wuFSA/eU6z91NeaDivKig15b4v-ix2as5sw_Zm5xRpAZZ1ikEpb5xsGom49bbw5wbqCcTN6ifQB0jhe-Yhx6Bk656eQcylLmH_3kAN3FweZbKEFPyIwVSFyZ1dZBedntOfczfBKJeFn0I3X_aLD9uBVb0jDA/cMP8Rdm6AQP8mklbHTDtOoRt_B0UHAMuzgLqEzAqujQ),,,,20.0,"Budget Gifting,Under ₹500","UV,Laser",Branding Possible,"Employee Joining Kits,Event Giveaways",Navigator White Ballpoint Pen,"Clean, bright, and boldly versatile. The Navigator White takes custom branding exceptionally well — a crisp, professional pen that looks sharp in any stationery set.",navigator-white-ballpoint-pen,Navigator White Ballpoint Pen — Clean Versatile Corporate Branding Pen,"A clean, bright white Navigator ballpoint pen with smooth ink flow and a professional finish. Takes custom logo branding exceptionally well — a crisp, versatile corporate gifting staple.",White navigator ballpoint pen for corporate branding,P72,Plastic Pens,Office Essentials,Plastic,Mid Range,"budget-gifting, under-500",Jainex Corporate Gifts,500,Mid Range,active, Utility
TBG-PEN-036,P 45.jpg (https://v5.airtableusercontent.com/v3/u/55/55/1785355200000/gkbyIQ-yTowgC0HzcNaj_w/RlUjSS-d1apLNwR1ctY3sLrLY5F9MFD4OYBamNAmNraNlR-khbSwK6XL19ue8gI89brdkHKoVsV1nmfmaSg9SrQoINt7uM9Zaip9RSuVj_nMWaLOGlskLoyuyuhCpIXCMJgrON06clpSqag-d9coQg/097oJsHiKhLsqUf82SG3yumgbz8ZQduVX4siyzlZkuE),,,,20.0,"Budget Gifting,Under ₹500","UV,Laser",Branding Possible,"Employee Joining Kits,Event Giveaways",Metal Bullet Blue Pen,"Heavyweight quality in a compact form. This metal bullet pen in deep blue delivers a satisfying, executive-grade writing experience — a premium gift that speaks before it writes.",metal-bullet-blue-ballpoint-pen,Metal Bullet Blue Pen — Premium Metal Ballpoint Pen for Executives,"A solid blue metal-barrelled bullet pen with a satisfying executive weight and premium finish. Compact, powerful, and built to impress — a high-impact upgrade for corporate gift sets.",Blue metal bullet ballpoint pen for premium executive gifting,P45,Plastic Pens,Office Essentials,Plastic,Mid Range,"budget-gifting, under-500",Jainex Corporate Gifts,500,Mid Range,active, Utility
TBG-PEN-053,P 66.jpg (https://v5.airtableusercontent.com/v3/u/55/55/1785355200000/rPXPlKsppjcBsWLcg_5G9Q/__9FM4-O1zfGm1OFyXdWGb5LWRy_WrNZT8fEhxMhepX4SbMpAjg5psKp3mI4_QODO_ZFDJROkbD8I7m21eENSJuMvdKDQ2RE5QKffj99zQ02qMQw7rmd5ACsa51gc2N1kNn6A7WwbUoWrm7ISD5Heg/pMb-WrG94rhr09poonXpQfUj1w20CQ_awBbU1XCk_84),,,,43.5,"Premium Picks,Under ₹500","UV,Laser","Premium,Branding Possible","Employee Joining Kits,Event Giveaways",Black Square Ballpoint Pen,"Structured, modern, and unapologetically bold. This square-barrelled black pen combines clean design with smooth writing — a contemporary choice for executive gifting.",black-square-ballpoint-pen,Black Square Ballpoint Pen — Structured Modern Corporate Office Pen,"A bold black ballpoint pen with a sharp structured square barrel for a modern, contemporary look. Smooth-writing, anti-roll, and a sleek choice for executive gifting and branded stationery.",Black square barrel ballpoint pen for modern corporate gifting,P66,Plastic Pens,Office Essentials,Plastic,Premium,"premium-picks, under-500",Jainex Corporate Gifts,500,Premium,active, Utility
TBG-PEN-060,P 81.jpg (https://v5.airtableusercontent.com/v3/u/55/55/1785355200000/DyLY0E33_RnmoMs9Z_-_1g/yUVq7DL03B_ROmCZGU7oAQUffQ-0oAC5KmpHPoxXG7OfuTVi4dZCfn6vWqgYXIvIDchqaX0DVSfbyPNuLgCAzrPl-QUulRh6ZQzOtbWEgnw5bBsKMz2B77HdY96L1ln_WRG4bCu4wdBdUKcWz26QTw/svknowdwCyosdCkb4swV34QjkHvq94Eb-Y2yIn4EskI),,,,14.3,"Budget Gifting,Under ₹500","UV,Laser",Branding Possible,Event Giveaways,Zesto Multicolour Ballpoint Pen Set,"Life's more colourful with Zesto. A fun, vibrant mix of ballpoint pens in an assortment of colours — a lively gifting option for teams, events, and anyone who likes options.",zesto-multicolour-ballpoint-pen-set,Zesto Multicolour Ballpoint Pen Set — Vibrant Corporate Gift Pens,"A fun, vibrant assortment of smooth ballpoint pens in a mix of cheerful colours. A lively and practical corporate gifting choice for teams, events, and anyone who appreciates variety.",Multicolour assorted ballpoint pen set for fun corporate gifting,P81,Plastic Pens,Office Essentials,Plastic,Budget,"budget-gifting, under-500",Jainex Corporate Gifts,1000,Budget,active, Utility
TBG-PEN-033,P 42.jpg (https://v5.airtableusercontent.com/v3/u/55/55/1785355200000/IIoKbIA51NZU259nOjtoDQ/nqhLyhP-cLTTTtU8tLHh01DCjbZWSxjoOYJZXtxdM5zapAVc7uQc8Rokw9oIDFZxdBlFtSEfcugh2YlxldDeQKsterKxrhcUN0EXz7xTvaYb4kUDtyy6YgY7bP44jgZ7sev-WkipuMYmkNXq8qfHkA/texkHChBPCHi6ZZoxgqL4aKHybhtTHQUmTR5PcZ5gmw),,,Website Ready,20.0,"Budget Gifting,Under ₹500","UV,Laser","Minimalist,Branding Possible","Employee Joining Kits,Event Giveaways",Mercedes Prestige Pen,"Inspired by iconic curves and precision engineering, this sleek ballpoint pen delivers a premium writing experience with head-turning design. The pen that makes people ask where you got it.",executive-premium-ballpoint-pen,Mercedes-Style Ballpoint Pen — Premium Curved Grip Corporate Pen,"A sophisticated ballpoint pen inspired by the iconic Mercedes design — curved, sleek, and built to impress. A premium corporate gift for discerning professionals and high-value clients.",Mercedes-Style Ballpoint Pen — Premium Curved Grip Corporate Pen,P42,Plastic Pens,Office Essentials,Plastic,Mid Range,"budget-gifting, under-500",Jainex Corporate Gifts,500,Mid Range,active, Utility
TBG-CH-27,"CH 02 A.jpg (https://v5.airtableusercontent.com/v3/u/55/55/1785355200000/EVpaSHBJxHQYG3mqdVgQ7w/V_HELC0W5TlLNLFmr1gnlSXLINsqJ7Doizimp0j2ypm_3VG0HodGaJSQ0AQTFmLYMThFK6zQAoyQ8etCKI_4B0aTUGjbwp4W61o1gqYpfyb4u1pc6HR_Dhc6ubqj7JdwkeUex18PfhTlNi_vXpCdYw/wGiS23r_HWSCwRH_ynmjjwayKcPfxJYgdkyCb5gfLBI),CH 02 B.jpg (https://v5.airtableusercontent.com/v3/u/55/55/1785355200000/N__j0hcFLSgcEVOJhSbJ8A/jrvUhPGKkorDzFpP9hanuFURdBc6kafWvNNy6MMuQD7JKr6mQ7pRRX_EqYa4n3oULchOVXDncfqkmFF3sSkDaVLS-ZQGC_HwGDmsM6CmBFiHuNoIzYdTdgPPmnHe35oMi2mDE01A-G9wQKulsqHtsQ/Y31MmTZc9iWhX4oxvcFgAakcHPezvZaaGczOB9G5n4o)",,,,70.0,"Budget Gifting,Under ₹500",UV,Branding Possible,"Employee Joining Kits,Event Giveaways",Fabric Finish Card Holder,"Stylish fabric finish card holder crafted for modern professionals. Ideal for corporate gifting, executive accessories, and office use.",fabric-finish-card-holder,Fabric Finish Card Holder for Professionals,"Premium fabric finish card holder for executive gifting, office accessories, and corporate branding opportunities.",Fabric finish card holder for business and executive use,CH02,Card Holder,Office Accessories,Fabric,,"budget-gifting, under-500",Jainex Corporate Gifts,,,, Utility
TBG-CH-29,"CH 07 A.jpg (https://v5.airtableusercontent.com/v3/u/55/55/1785355200000/-tV3cM2tK59Qbid-cjGqdw/Q9IEAgvsAW-4kAi_3nDkvHmqvm67wM_5JCOslVR_pMSLMXHAkOdbfhdtsis_zUqDOPetaed_vi38KPdFr9lVvsFJQYtwzEubx-4MvebzCpk6J6yHoH8PpEk077sVXWHXrgjRyMXIgyxFmgxH5nOFpQ/O88XlBXfcHw7WWTSoOYAjfhG1tLwJmAyHkqxMqZVHkw),CH 07 B.jpg (https://v5.airtableusercontent.com/v3/u/55/55/1785355200000/y-Uz8O1cKCBAB4_QgOqACQ/aI6cPsAUaKqqbRJx9bF2INBYfwGp1pQCPd_hU30BBZNBkUH6dSbg8xAddBD8slsk4Sf4UbCqc40OOTiZk2Z1LX80JY7PjjR5tSO5NbDPKNMO3HAxJaVudoXDeVjrRThHQgraKdrrVrNAra4YgG8dpg/7TfrItvMt4S-YObP0Pvz_0ZwdC28tZnLdwRTA75kQ5Y),CH 07 C.jpg (https://v5.airtableusercontent.com/v3/u/55/55/1785355200000/c6Ix_4ftW9twonNZXnIvQA/n63AtR1wE65QplINCJ_bfyGRb_I_OsgW640Y4l5B0rMs7EC_BqR1HAKeSUDf7luZGXUn3UDfYznyqVXMyDnX57850HwM12Tu3_2MR0brcw3WVgqyX2RYkUkDGhmPOl_hXui0OPYD5XogcFNgUPJrCA/IXh5H63In1EEWUSze8o2b5xSBV9iajGGV3CvR7hvVjA)",,,,65.0,"Budget Gifting,Under ₹500",UV,Branding Possible,"Employee Joining Kits,Event Giveaways",Double Metal Strip PU Card Holder,Modern PU card holder featuring dual metal strip detailing for a sophisticated and premium executive look.,double-metal-strip-pu-card-holder,Double Metal Strip PU Card Holder,Stylish PU card holder with dual metal strip accents for executive gifting and professional business use.,PU card holder with double metal strip detailing,CH07,Card Holder,Office Accessories,PU Leather,,"budget-gifting, under-500",Jainex Corporate Gifts,,,, Utility
TBG-CH-32,"CH 13.jpg (https://v5.airtableusercontent.com/v3/u/55/55/1785355200000/Cuo_D2bdP8ijWWoBAjm-eA/JfGU2kM7Gqu6uvQxjd3HMLDr2n7Att4D_3QDslxAomMytVxUIq5fbCAjhN8GTBB5LL4gd2npxsCsf-udcXI-N0u6ROrhyrh725RVHEulvlR67yKNjdPF3gjC1I2tY-q6tezuynnmZPDL7AtRaFEDjQ/9qFQ0s6bZDMWUROeXayFjm2xW4wWYE8J4j6Hvz5KgWc),CH 14.jpg (https://v5.airtableusercontent.com/v3/u/55/55/1785355200000/lqBXrURLN8UmXbyf5xHiEw/LYlU239QvwEVjq_qkNcxAOYEuz_5u6hPN0K414VB3GntQ9OK9EFT_ojmPju673BwcPDQMEuse0PNq2rZMzpVKetryjCFr4pwgaQp4g41qwRgTs6CL28IYK-dVi65_eqjfO1kK7vATinAntjfln1zAg/N3FmeKdOyrPvLhxcQCzhVViPNClJZKh9p7n8jzTqyQE)",,,,55.0,"Budget Gifting,Under ₹500",UV,Branding Possible,"Employee Joining Kits,Event Giveaways",Basic PU Business Card Holder,"Minimal and professional PU finish business card holder ideal for daily office use, networking events, and corporate gifting.",basic-pu-business-card-holder,Basic PU Business Card Holder,"Sleek PU business card holder for executive gifting, conferences, and professional office accessories.",Basic PU finish business card holder for professionals,CH13,Card Holder,Office Accessories,PU Leather,,"budget-gifting, under-500",Jainex Corporate Gifts,,,, Utility
TBG-CH-31,"CH 10 A.jpg (https://v5.airtableusercontent.com/v3/u/55/55/1785355200000/Bn_eNPpr_cbOKHAXTQf5ZQ/I-ElDsoiq0KPQ3Hpp3Q5YqKK6Rsm2u0-0d6yn4m2aVm2KIZfhoEg8k9BzUwrYWHAOOLsvpB-G2nOMVRJWg9al32CMbkWL0dZLWWZ_QS28HWAvnJhyCZzzZ_tdQd1q9LzboaCrmTBOW4lwNh8YlV3Lw/-j95KydZmpmy9ZO7l98yeRtjQFzvpi0PWj5Cg6k28Xc),CH 10 B.jpg (https://v5.airtableusercontent.com/v3/u/55/55/1785355200000/vIfPu5VOTiWaxq9TnaRjBQ/o85EiYIj8NfuYSNv_KvMxlDdgHMEjYeyZSMi1iTx7Z6M2bUqq91cuDj-PV43ApuTD-dss7mYhBK-PHi3NIsP8EH4gXpISv8Y-D9ESE4ZWcXYwZ_ujh3wOiOKckwZWNXa7j8vtm0vD-C8b8Zb4XikDQ/4pVQSvbZRDJrk0BFQ6VdtVtwLtRi-Mp-Le26-pIgjqw),CH 10 C.jpg (https://v5.airtableusercontent.com/v3/u/55/55/1785355200000/_g-kfJGBJokDTBbzoE6iNQ/MEnxMO07g5g863ZpBAVWKGBET0pNV2bTUFkNrHnoSOIIrtQqwFoZCsY2pSCgfIOy3UDckZBbgxQvIPQaz6cMZ7V3yxh8RerXPXZALSkWt-kC75Ptn-yaP8ilAQZvnnOzcURvksTvus-7GU4FJ4f8cA/eSznP-al40FGBc-pdCx8w1sDWWW37dqi47bqLGvKfmM)",,,,65.0,"Budget Gifting,Under ₹500",UV,Branding Possible,"Employee Joining Kits,Event Giveaways",Curved Flap PU Card Holder,Elegant vertical PU card holder featuring a curved flap design for a stylish and professional corporate accessory.,curved-flap-pu-card-holder,Curved Flap PU Card Holder for Executives,"Premium curved flap PU card holder for office professionals, conferences, and executive corporate gifting.",Vertical PU card holder with curved flap design,CH10,Card Holder,Office Accessories,PU Leather,,"budget-gifting, under-500",Jainex Corporate Gifts,,,, Utility
TBG-BAG-63,"JB 02 Medium.jpg (https://v5.airtableusercontent.com/v3/u/55/55/1785355200000/Bbk8fzpYntD09D5rhvSlhQ/-Q6Q3ldLxFweqE10kCLoiQh9TkI7gYVOxXnb3Z5q2EIDAhA9ZFzPCVnx-MlKf80vf9UrNk7AsuHN2mHktLt6muD2xAlFvLPY8KMixrUie6AafMH_9Gs7dCMR6LCKkEq7Y8a1mm7pohYL7_gKNsskGDhhEMpnjLt-zAtizcRYhn4/VSyb6x9uEuNOyoKS9ncP0HTdzu4FtIsfypVyxGiNqmA),JB 03 Large.jpg (https://v5.airtableusercontent.com/v3/u/55/55/1785355200000/uA3v9BnCd_txgNJXykFUJA/RuO-4QjjxGSl_VtmH6OGQ899s6HN6-QomFdcdpleWPkNa3oe2d6o0sBGkxigl6T49yS0BHFPADf2iYZLE_bfVR0hDVT2yEyfeoLDyQdPcTv7qd-0XLOlTGwmlV7rXMw4aYiW2Z42fCH5-EJZ0sFOEeCzWZ0zaU4sQFetRxrcBAE/A5TvHEAYd60_02HjLZOg7fv4FMVxyEhNSXov0OcCNck)",,,,125.0,Sustainable Choices,"DTF,Screen ","Branding Possible,Sustainable","Employee Joining Kits,Event Giveaways",Jute Tote with Black Accents,"Earthy texture meets modern detailing. This jute bag combines natural fibre with sleek black accents — a sturdy, sustainable carry-all that looks as good as it performs.",jute-bag-with-black-accents,Jute Bag with Black Accents — Eco-Friendly Tote,"A sturdy jute tote bag with sleek black accents for a modern, sustainable look. An eco-friendly corporate gift or everyday carry-all with natural charm.",Jute tote bag with black accent detailing,JB02,Jute Bag,Carry Bags,Jute,,sustainable-choices,Jainex Corporate Gifts,,,,
TBG-BAG-64,"JB 04 Zipper Small.jpg (https://v5.airtableusercontent.com/v3/u/55/55/1785355200000/RWQMfHqdhufmromGZ_WpRg/7l8sbO64Z4tmiJAudTrMxiju4wSZldjJ5fSjm6lniXL0Wu-NOR2x8H_et71HsHGW9SLIrnTLGFSylr4LhHGTZrhaniNSCjtlTUyj5_Ayt-hxjGTNZYbdSzKdoBfmrtBf48zCHilPgPFsg53o7irIwgpLe3XTetr_r1scI86HqTg/6sw_-AzVRtEH_z4DVp4Y_ECCMYPNBLiRwKYcm-egYuc),JB 05 Zipper Big.jpg (https://v5.airtableusercontent.com/v3/u/55/55/1785355200000/A1ZUuSZ8XOl0TSRJhdKMUg/qyJcw2yg_QtQkyHvk5Y_2JbFZYxnugweCsI9d0dP1mBaOgKh5Mulw1V2ClYFkvO7ZZfv6VooY4Qdr1cn1iWizNskkKDIFYCDiVXPCSRgy_49JLo1Ph5qVBDsWhz5-wdRnS7SQNAc5BCM4yXuvjo_hYh4TjvHhW7Ar7swP83jwz4/1lHyIjU_uKQbXvoBMLOfk3ZA4VlSV_NSfxYLyEvebLg)",,,,125.0,Sustainable Choices,"DTF,Screen ","Branding Possible,Sustainable","Employee Joining Kits,Event Giveaways",Secure Zip Jute Bag,"All the charm of jute, with the security of a zip. This bag keeps your belongings safely tucked away while staying true to its natural, sustainable roots — practical for everyday use.",zipper-jute-bag,Zipper Jute Bag — Secure Eco-Friendly Tote,"A secure zip-top jute bag combining sustainability with everyday practicality. A sturdy, eco-conscious carry option for work, travel, and corporate gifting.",Jute bag with zipper closure for everyday use,JB04,Jute Bag,Carry Bags,Jute,,sustainable-choices,Jainex Corporate Gifts,,,,
TBG-BAG-66,"PAP BL 08.jpg (https://v5.airtableusercontent.com/v3/u/55/55/1785355200000/0_2eyLTRHqSN6Pji2GpqUg/crWRnHVYGnwPIHx2ngFNuv34z515n2tVvNLogSFFhTWymwSbpNleea_JqK8HO7TVNT2xy_3IKcouioCCjPL1155vuTPB-xk6IHeDzN__rShn1H2VZhJ8ELKZykFENgXcvRw1g8x0rbz2p73Zs_aEYS7NAvxzM8VaPBLhCfkub1Q/6HirDqLWdGKgPIq7LgPglaF9b22Sp-QRZg0irbrz6ko),PAP BM 07.jpg (https://v5.airtableusercontent.com/v3/u/55/55/1785355200000/fBrU89JnXHMhKI_FG-mN4A/0J9fod6yv-itzZDtHNli2mxdNU5Xgjb4h4OgSHWgx4cc78azK1ThlsusF6dab8wyfn3gVmvBPNXQzmdXyg9GmC6nSPJ9djsIXoUvcOnTKcQzoiqqqAWbiyR3dHesGKEJ0p2Hj7ALLsm3VEq7JoyXZ2wfW6lVLttbkaCkvy83cRI/RzK7gX-lIICJHcJY1BfUEBbTCerQp17irRYKvvqLD1U),PAP BS 06.jpg (https://v5.airtableusercontent.com/v3/u/55/55/1785355200000/x9wUlffAfiaDQvL6JoVTZw/2O3VcfVM9f4o_oQM3dG8ETYatHhlNyL0wXmjnTIOoLVDxX9WpP7wYJWhkc71o5wR8PaXNL3z0IkMLvn3Vx_2uRMChJCzK8rB3g17Xe3vV0H1ZO4W5gTvyMDwMco5NSSb8SYR7NLcskXEAjqhRtWNO6ZEHv73e6I72Wutz9KZH9M/P5icM3Dkq7ibAlMFBXO8UXMCe6_IEFzQUfszfzLSMJ0)",,,,50.0,,Screen ,,,Classic Black Paper Bag," Simple, sturdy, and always in style. This black paper bag offers a clean, premium presentation for gifts, retail packaging, or everyday carrying needs.",paper-bag-black,Black Paper Bag — Premium Eco-Friendly Carry Bag,"A sturdy black paper bag offering a clean, premium presentation. An eco-friendly packaging or gifting solution for retail, events, and corporate use.",Black paper bag for gifting and retail packaging,PAPBL08,"""Paper
  Bag""",Carry Bags,Paper,,,Jainex Corporate Gifts,,,,
TBG-BAG-65,"DSB 01.jpg (https://v5.airtableusercontent.com/v3/u/55/55/1785355200000/F1PsBxQxeg-j9UCJkyIcpQ/n3-U3QWK-j4F2rekJe-RnE8FZc1GlciOQ0h8I3R3HElZ9kOSw4Ie-zcJRGnAQxp7c79mQO8YKyJGgz-dhVeaAhGE0RBeCYProohoVU1kdRXO4VH4vkCgjlIbelpsBrMkq0GZwkMguotgLfkKBOuI3w/ppOCSO6h5LaxMxyM9OCsnaCUeqWUNi3snRV3CQRqSSY),DSB 02.jpg (https://v5.airtableusercontent.com/v3/u/55/55/1785355200000/QURta3scMt1j18vPw4C71w/unXsPisvsKHrIT7LRiq2-iBI3NUaaJ9u0VsCzVc5bGIOW0YZzTXiwtRIf2RRdtrqVVUiqh9ga95VQkK8GfCnzfkEmUy5PWSCot9sTL1YjUpAPozDOwKRlDrSQaTGuCC0hZpS-5GxjjT2oknmHxT7_g/xWKKGF-fqent_c9NQJRyMRiJWDnMIg7LY-Rs6eo9Ai4)",,,,130.0,Sustainable Choices,"DTF,Screen ","Branding Possible,Sustainable","Employee Joining Kits,Event Giveaways",Cotton Sling Bag,"Light, breathable, and effortlessly easy to carry. This cotton sling bag is designed for quick errands and everyday essentials — a casual companion that goes wherever you do.",cotton-sling-bag,Cotton Sling Bag — Lightweight Everyday Carry Bag,"A lightweight cotton sling bag designed for effortless everyday carrying. A casual, sustainable accessory ideal for errands, events, and corporate giveaways.",Lightweight cotton sling bag for everyday carry,DSB01,Cotton Tote Bag,Carry Bags,Fabric,,sustainable-choices,Jainex Corporate Gifts,,,,
TBG-BAG-67,"PAP WL 05.jpg (https://v5.airtableusercontent.com/v3/u/55/55/1785355200000/D5EA8rEiMnyN0hXkX51taw/kUj0iIn86vzm0TyoknQ2TQwGCmUBTXZ-xs366_rSXiXXz8MQWoqbz7IZ229jmqtmdw6X2nQgn70UQ4jm1kZC1nHWLKWxBUbQTWghOPPi0x-gXh_ipflkTzoUwMij63IRPnAzPpNi29CMOlYo0kq-_Vtujwjr52fZwVPqqJGfKIY/rAgRqMoL1mHIzaraAhOSUw986TU2Yr4XLxkScZq82Zg),PAP WM 04.jpg (https://v5.airtableusercontent.com/v3/u/55/55/1785355200000/_uQJ6vMzh0wu2PpYD6tvww/qEGxsnxMWTIW7X8JoU7EcSvTXORagEo1LL8C-KNBz2ZaWuwyGk1xThd3H-QXQjABYzNmd5vh6L1ENJ_Uzliq6MGSt7v8WFAgWzkhrF-lUo0vki2QdW4purnYKv9k2WlAlvDeTs6_GkqmjuNAjp9Or5Tiqh5x9_dz3JJUJjk-eyc/KWzSfzikJNJFSrG8XJ-5fUd9wc_U_ZnD07D9mIfZQcU)",,,,35.0,,Screen ,,,Classic White Paper Bag,"Clean, crisp, and endlessly versatile. This white paper bag offers a fresh, minimal presentation that suits any occasion — from retail packaging to thoughtful gift wrapping.",paper-bag-white,White Paper Bag — Premium Eco-Friendly Carry Bag,"A clean, versatile white paper bag offering a minimal, premium presentation. An eco-friendly packaging solution for retail, gifting, and corporate branding.",White paper bag for gifting and retail packaging,PAPMed04,"""Paper
  Bag""",Carry Bags,Paper,,,Jainex Corporate Gifts,,,,
TBG-BAG-68,"CT 03.jpg (https://v5.airtableusercontent.com/v3/u/55/55/1785355200000/nN86UDoSyBSfBsXAkdSqaQ/mdc1hQRBqvC0oXIDM1MJkAZCebollK2Rlmle3YT88aPrEnNdILYQ2zoEm2I1WuWu2Kf2Ij1M-25Mzf_TRbLBIp_ng7Botf0hmLVPMA6MkZ9AK-uZe6eQMMTgLKvA9NGq-XHI3P9u8kZ-AurgcPm0Cg/j5i6TQ_R0xWp7ZPhfdVtqg80yowpMRT0lYaU_yv_b5k),CT 04.jpg (https://v5.airtableusercontent.com/v3/u/55/55/1785355200000/zZq7qZ4DMdL2iMGPJR34PQ/5WcOouBSOwbkeR4Hm4rIFSaG4GoYUxS5p2KMNIEEmkFqKOhLMoA4ySng5NEwpGMRsauGNI4txJR85-GjvCIqiL12iLS8kqxcoekSgGjQGgdrj99ptLGglcj9Dd4OZR3q1EVmJnqilHxYGupKmqEagw/_u0j03RBPjFBaieARl0-N4zIAIhiU8mBTRm9YVHmpjg)",,,,110.0,Sustainable Choices,"DTF,Screen ","Branding Possible,Sustainable","Employee Joining Kits,Event Giveaways",Everyday Cotton Tote Bag,"A sustainable staple for every day. This cotton tote is sturdy, spacious, and endlessly reusable — perfect for groceries, books, or just about anything else life throws your way.",cotton-tote-bag,Cotton Tote Bag — Reusable Eco-Friendly Everyday Bag,"A durable, reusable cotton tote bag designed for everyday use. A sustainable, versatile carry-all ideal for corporate gifting and eco-conscious branding.",Reusable cotton tote bag for everyday use,CT04,Cotton Tote Bag,Carry Bags,Fabric,,sustainable-choices,Jainex Corporate Gifts,,,,
TBG-BAG-69,"CT 06.jpg (https://v5.airtableusercontent.com/v3/u/55/55/1785355200000/y8jXhfhoMhcREa0abEM7qA/FMEBGJzl5TDyBCMs4gm7N1nCmYF8ob5qlkSvB_mUHg3AICkMzwTUarJQOYWR4r9DgqN1SSQISKE_8Ou584Z0GLw4Op2DR_bhnKO8eUVI6L-WLbJLJl6PSmi5Dm21vggCDT8tEhvp7y2QjVpuB_fsYw/AVBrXqAmEBrrFZtuO6Dcr5L94k9Bp9Ryl2pYBXh0iHQ),CT 07.jpg (https://v5.airtableusercontent.com/v3/u/55/55/1785355200000/qTQ7FU52PKMORqnTiy8M_Q/uH0IPwsHAGNjxOKqy-0F5QnHJgIWF-Bb07BHWAxXVE_oM6MP8V7K7_XvGIxofM5rzMKKAbmSoo5oTV05x4ajDgriD-lM1UOtnUegf4bCi8UiKa5uk3Mfc7r_sIYa_7q1sQ-wJCLKePTsdPJIcejRCA/NKbhkKo0hhjzAdUcOrgV-xAR00oKUD9oyk5PscWutJs)",,,,110.0,Sustainable Choices,"DTF,Screen ","Branding Possible,Sustainable","Employee Joining Kits,Event Giveaways",Cotton Tote with Cork Accents,Natural texture meets everyday function. This cotton tote is elevated with cork detailing — a unique combination that brings warmth and character to a classic carry-all.,cotton-tote-bag-with-cork-accents,Cotton Tote Bag with Cork Accents — Eco-Friendly Tote,"A reusable cotton tote bag featuring distinctive cork accents for a natural, textured look. A unique, sustainable corporate gift that stands apart from the ordinary.",Cotton tote bag with cork accent detailing,CT06,Cotton Tote Bag,Carry Bags,Fabric,,sustainable-choices,Jainex Corporate Gifts,,,,
TBG-BAG-70,JF 01.1.jpg (https://v5.airtableusercontent.com/v3/u/55/55/1785355200000/dRMeJI3x6PG0TbkIxvnpaA/nXzit22XDkn9B3_YBLk0VyhnezQPY3DPYsbmyEQrU6vgz-dMCIhcL7Y6trOKIYoY38YfJ_MGYR1E5R0lVIs_DLBS6HAY3qUF-TSKMqmra9_XhCxjJEeJL12S9wBKOKLmffGDfLUTLzTc-XIjd5NWdOIMm9bQj9HbIu3uQeoTs9U/HAoQKS9VJiDtJdN4L5B4RtXNFIuQ5MKRn_qFYBrcMVk),,,,60.0,Sustainable Choices,"DTF,Screen ","Branding Possible,Sustainable","Employee Joining Kits,Event Giveaways",Soft Bound Jute Document Folder,Organisation with an earthy edge. This soft bound jute folder keeps your documents secure while bringing natural texture and sustainability to your everyday workflow.,soft-bound-jute-folder,Soft Bound Jute Folder — Eco-Friendly Document Organiser,A soft bound jute document folder offering natural texture and practical organisation. A sustainable corporate gift for professionals who value eco-conscious essentials.,Soft bound jute document folder for office use,JF01,Accessories,More,Jute,,sustainable-choices,Jainex Corporate Gifts,,,,
TBG-BAG-72,"JF 04.1.jpg (https://v5.airtableusercontent.com/v3/u/55/55/1785355200000/sXZvBVH_fggl2lZWBXQ1hA/Wri3CiaBJbfTGjKPwM8rRzDV8SC3Czt0ne17SV3I-3Bp9qwoaGdz4cqbSNjdFMZXXld5RHsOJRFUIvtppEFSi7FG9Ou2s7g10G6MjPqBrwJHYd4pnPmC6xCmbVk5-5BTA3BXyudXNEueKLY-7REjkZ0yfUAYCXdticVkSWnYqRc/JNiKtAvlfVGaoguu3ZrTPl1vEbULgrACDhcJZ7aCoZs),JF 04.jpg (https://v5.airtableusercontent.com/v3/u/55/55/1785355200000/VEktyOIS76ol-usFD0utUQ/YxZhbdyGnLfBLcGbmxBEMDUpf3IOzXcDyO036c35XwuDLK0Vx6ET0-4e2lf_Ai3769EMBop6CTTlBpe83M9V4AZbk7b03jmfVwE9unvhAK5-XdRMgIyKHL-ZlNiw2k3BKO6O0Z6JRDbCsGOaTh1Zqw/SNwUN36bkNaMkyt3r0IklQM0J6g7LnndWgK-mGQRpCM)",,,,220.0,Sustainable Choices,"DTF,Screen ","Branding Possible,Sustainable","Employee Joining Kits,Event Giveaways",Hard Bound Jute Folder with Accent Detail,"All the durability of a hard bound jute folder, with an extra touch of style. A distinctive accent detail elevates this organiser, making it a standout addition to any desk.",hard-bound-jute-folder-with-accent,Hard Bound Jute Folder with Accent — Premium Eco Organiser,"A durable hard bound jute folder featuring a distinctive accent detail. A premium, sustainable corporate gift that combines structure with standout style",Hard bound jute document folder with accent detail,JF04,Accessories,More,Jute,,sustainable-choices,Jainex Corporate Gifts,,,,
TBG-BAG-71,JF 03.1.jpg (https://v5.airtableusercontent.com/v3/u/55/55/1785355200000/UmWPs2Y6aB-HAmYiQeWzvg/VzkZ_kz3QPbpfNdQGPYO9d_wr4ObqW5ITzHPbty23VXrXfxRa9wYR0tzL_H8Vmx906C1ngyfR0pkNSkwe_qBe2FhF6jFwZLCahcqfYvy7Ew4zkYtt3uMDe6bQwmUf3r6RLKAfm0--8Np7RgsGQHFsD914ihlI_BkPsqvWnrTh7M/ne6Sn9gBCGtVS_x3PRLpVHqoFfW7E-as1V4pjNspLHY),,,,185.0,Sustainable Choices,"DTF,Screen ","Branding Possible,Sustainable","Employee Joining Kits,Event Giveaways",Hard Bound Jute Document Folder,"Structure meets sustainability. This hard bound jute folder offers a firm, durable cover for keeping documents organised — a reliable choice for the eco-conscious professional.",hard-bound-jute-folder,Hard Bound Jute Folder — Durable Eco-Friendly Organiser,"A durable hard bound jute document folder combining structure with sustainability. A reliable, eco-friendly corporate gift for organised professionals.",Hard bound jute document folder for office use,JF03,Accessories,More,Jute,,sustainable-choices,Jainex Corporate Gifts,,,,
,,,,,,,,,,,,,,,,,,,,,,,,,,
,,,,,,,,,,,,,,,,,,,,,,,,,,